file,start,end,r_max,lag_max,r_frozen,frozen_lag,passes_primary,passes_secondary,surrogate_count,surrogate_mean,surrogate_std,surrogate_95,surrogate_99,empirical_p,z_score,significant_uncorrected,significant_fdr,channel_wfs_yaw,channel_lsc_pop
CONTROL_W1_H1_AUX_AR1.gwf,1370345536.0,1370345543.0,-0.14235951846351524,-0.5,-0.6160144835555943,0.271484375,False,False,250,0.22026735198220562,0.2893824052633032,0.6354285932778632,0.7399419313259316,0.8645418326693227,-1.2531061455369892,False,False,H1:IMC-WFS_A_DC_YAW_OUT_DQ,H1:LSC-POP_A_LF_OUT_DQ
CONTROL_W1_H1_AUX_AR1.gwf,1370345537.0,1370345544.0,-0.11395006638877239,-0.5,-0.6751078141154567,0.271484375,False,False,250,0.3117584944516142,0.3419271881543475,0.7215302400766049,0.8031509395585209,0.8446215139442231,-1.2450269402040641,False,False,H1:IMC-WFS_A_DC_YAW_OUT_DQ,H1:LSC-POP_A_LF_OUT_DQ
CONTROL_W1_H1_AUX_AR1.gwf,1370345538.0,1370345545.0,-0.09131623652146034,-0.5,-0.7056405504078281,0.271484375,False,False,250,0.29580363924829295,0.36880332996612425,0.7562250118782021,0.8024323802382899,0.7808764940239044,-1.0496648059151512,False,False,H1:IMC-WFS_A_DC_YAW_OUT_DQ,H1:LSC-POP_A_LF_OUT_DQ
CONTROL_W1_H1_AUX_AR1.gwf,1370345539.0,1370345546.0,-0.018886528969048112,-0.5,-0.61781561143659,0.271484375,False,False,250,0.3724392771849334,0.3352149446970917,0.7850666906856324,0.8315027443382652,0.8247011952191236,-1.1673877085271154,False,False,H1:IMC-WFS_A_DC_YAW_OUT_DQ,H1:LSC-POP_A_LF_OUT_DQ
CONTROL_W1_H1_AUX_AR1.gwf,1370345540.0,1370345547.0,0.017911395906012265,-0.5,-0.5884899654681144,0.271484375,False,False,250,0.36198610392099145,0.34714623852539006,0.7676062046149915,0.8259456250018323,0.7768924302788844,-0.9911520559074524,False,False,H1:IMC-WFS_A_DC_YAW_OUT_DQ,H1:LSC-POP_A_LF_OUT_DQ
CONTROL_W1_H1_AUX_AR1.gwf,1370345541.0,1370345548.0,-0.0447291513734036,-0.5,-0.48056648008747016,0.271484375,False,False,250,0.32088099077013105,0.3214859127879921,0.705550205708514,0.7631939466259235,0.8127490039840638,-1.1372508952970541,False,False,H1:IMC-WFS_A_DC_YAW_OUT_DQ,H1:LSC-POP_A_LF_OUT_DQ
CONTROL_W1_H1_AUX_AR1.gwf,1370345542.0,1370345549.0,-0.14259718768032398,-0.5,-0.6794726986441694,0.271484375,False,False,250,0.2611561283704376,0.33155247897662,0.7161197184216173,0.7808022316023386,0.8764940239043825,-1.2177659394886713,False,False,H1:IMC-WFS_A_DC_YAW_OUT_DQ,H1:LSC-POP_A_LF_OUT_DQ
CONTROL_W1_H1_AUX_AR1.gwf,1370345543.0,1370345550.0,-0.36208789137728187,-0.5,-0.7118468334406185,0.271484375,False,False,250,0.1885351113749847,0.3548657955945406,0.6683561595451762,0.6964699911950861,0.9282868525896414,-1.5516372938388021,False,False,H1:IMC-WFS_A_DC_YAW_OUT_DQ,H1:LSC-POP_A_LF_OUT_DQ
CONTROL_W1_H1_AUX_AR1.gwf,1370345544.0,1370345551.0,-0.45229068752023976,-0.5,-0.634180438077327,0.271484375,False,False,250,0.1926820843121464,0.3143146219583718,0.6188456380081564,0.7403111176602444,0.9920318725099602,-2.0519973516148005,False,False,H1:IMC-WFS_A_DC_YAW_OUT_DQ,H1:LSC-POP_A_LF_OUT_DQ
CONTROL_W1_H1_AUX_AR1.gwf,1370345545.0,1370345552.0,-0.2691436509820864,0.5,-0.5546559293433254,0.271484375,False,False,250,0.23475363181692172,0.23922489652072945,0.5798375961117491,0.6184959198025168,0.9681274900398407,-2.106374755001071,False,False,H1:IMC-WFS_A_DC_YAW_OUT_DQ,H1:LSC-POP_A_LF_OUT_DQ
CONTROL_W1_H1_AUX_AR1.gwf,1370345546.0,1370345553.0,-0.5249783571167015,0.5,-0.662613803589772,0.271484375,False,False,250,0.25873665705575255,0.4677092724221756,0.7916368225439679,0.8378596035764125,0.9681274900398407,-1.675645663627206,False,False,H1:IMC-WFS_A_DC_YAW_OUT_DQ,H1:LSC-POP_A_LF_OUT_DQ
CONTROL_W1_H1_AUX_AR1.gwf,1370345547.0,1370345554.0,-0.13611390981848187,-0.5,-0.4185512911315919,0.146484375,False,False,250,0.21572333513724085,0.29172439341877393,0.6273683620727634,0.7090245209705128,0.8685258964143426,-1.2060604217305066,False,False,H1:IMC-WFS_A_DC_YAW_OUT_DQ,H1:LSC-POP_A_LF_OUT_DQ
CONTROL_W1_H1_AUX_AR1.gwf,1370345548.0,1370345555.0,0.07508149391719507,-0.5,-0.3287182494279484,0.271484375,False,False,250,0.23435866995461663,0.22969197031493746,0.5512385676600706,0.6644754021263215,0.7290836653386454,-0.6934381546687588,False,False,H1:IMC-WFS_A_DC_YAW_OUT_DQ,H1:LSC-POP_A_LF_OUT_DQ
CONTROL_W1_H1_AUX_AR1.gwf,1370345549.0,1370345556.0,-0.05876548671386809,-0.5,-0.2156909137874325,0.271484375,False,False,250,0.19407188542341042,0.20160395585663501,0.45144654646081983,0.5321980932838648,0.8207171314741036,-1.2541290227314623,False,False,H1:IMC-WFS_A_DC_YAW_OUT_DQ,H1:LSC-POP_A_LF_OUT_DQ
CONTROL_W1_H1_AUX_AR1.gwf,1370345550.0,1370345557.0,0.40018543110455246,0.2080078125,0.40018543110455246,0.2080078125,False,False,250,0.19033540095828835,0.320506606324238,0.7098516016645604,0.819627118317604,0.250996015936255,0.6547447884240207,False,False,H1:IMC-WFS_A_DC_YAW_OUT_DQ,H1:LSC-POP_A_LF_OUT_DQ
CONTROL_W1_H1_AUX_AR1.gwf,1370345551.0,1370345558.0,0.46027205968160884,0.2646484375,0.46027205968160884,0.2646484375,False,False,250,0.1740567132730602,0.38988524335102226,0.744003652740934,0.8104384988346356,0.3187250996015936,0.7341015113794975,False,False,H1:IMC-WFS_A_DC_YAW_OUT_DQ,H1:LSC-POP_A_LF_OUT_DQ
CONTROL_W1_H1_AUX_AR1.gwf,1370345552.0,1370345559.0,0.42424131955441885,0.2919921875,0.4237770377117048,0.271484375,False,False,250,0.2241943480650807,0.3024268309588203,0.6864671094839899,0.8030795787752604,0.30677290836653387,0.6614723001100964,False,False,H1:IMC-WFS_A_DC_YAW_OUT_DQ,H1:LSC-POP_A_LF_OUT_DQ
CONTROL_W1_H1_AUX_AR1.gwf,1370345553.0,1370345560.0,0.2568481570008379,0.5,0.15801959997520662,0.271484375,False,False,250,0.15297220684180238,0.23183431689376202,0.5082305440192428,0.5459352151093078,0.41434262948207173,0.4480611479388388,False,False,H1:IMC-WFS_A_DC_YAW_OUT_DQ,H1:LSC-POP_A_LF_OUT_DQ
CONTROL_W1_H1_AUX_AR1.gwf,1370345554.0,1370345561.0,0.6323571860376319,0.2001953125,0.6323571860376319,0.2001953125,False,False,250,0.17594859647985064,0.3422632181230814,0.6499853276997578,0.7231617315114147,0.08366533864541832,1.3335017185330502,False,False,H1:IMC-WFS_A_DC_YAW_OUT_DQ,H1:LSC-POP_A_LF_OUT_DQ
CONTROL_W1_H1_AUX_AR1.gwf,1370345555.0,1370345562.0,0.545284150708268,-0.271484375,0.48793324393951165,0.146484375,False,False,250,0.18782658147527956,0.2860941421815289,0.6366016451269253,0.6824440318519317,0.11952191235059761,1.249440364305603,False,False,H1:IMC-WFS_A_DC_YAW_OUT_DQ,H1:LSC-POP_A_LF_OUT_DQ
CONTROL_W1_H1_AUX_AR1.gwf,1370345556.0,1370345563.0,-0.033101876317272357,0.0,-0.18596061906261857,0.146484375,False,False,250,0.22945160822828262,0.2543087592504968,0.5804424429505816,0.6456889609389385,0.7808764940239044,-1.0324201388869074,False,False,H1:IMC-WFS_A_DC_YAW_OUT_DQ,H1:LSC-POP_A_LF_OUT_DQ
CONTROL_W1_H1_AUX_AR1.gwf,1370345557.0,1370345564.0,0.20383946384224358,0.0625,0.19242028902243746,0.146484375,False,False,250,0.25940363997283894,0.21586142450861331,0.5829513236224889,0.6950009337870057,0.5737051792828686,-0.25740669625006685,False,False,H1:IMC-WFS_A_DC_YAW_OUT_DQ,H1:LSC-POP_A_LF_OUT_DQ
CONTROL_W1_H1_AUX_AR1.gwf,1370345558.0,1370345565.0,0.49594970957835277,0.076171875,0.4896283303166733,0.146484375,False,False,250,0.2634668124655832,0.2554185167928976,0.6426323975144071,0.6899804753278714,0.2151394422310757,0.9102037707832865,False,False,H1:IMC-WFS_A_DC_YAW_OUT_DQ,H1:LSC-POP_A_LF_OUT_DQ
CONTROL_W1_H1_AUX_AR1.gwf,1370345559.0,1370345566.0,0.2845959987748389,-0.5,0.18674124308476514,0.146484375,False,False,250,0.18813405684471404,0.18123604308147248,0.4708450017141136,0.5368330218046801,0.3187250996015936,0.5322448023584444,False,False,H1:IMC-WFS_A_DC_YAW_OUT_DQ,H1:LSC-POP_A_LF_OUT_DQ
CONTROL_W1_H1_AUX_AR1.gwf,1370345560.0,1370345567.0,0.5044336970713024,0.0,0.46501849716930477,0.146484375,False,False,250,0.26199933418148647,0.2362010923751124,0.6455739921741298,0.7105343751477472,0.17928286852589642,1.0263896769148062,False,False,H1:IMC-WFS_A_DC_YAW_OUT_DQ,H1:LSC-POP_A_LF_OUT_DQ
CONTROL_W1_H1_AUX_AR1.gwf,1370345561.0,1370345568.0,0.6833937711520756,-0.0361328125,0.6586884166393296,0.146484375,False,False,250,0.22682030979584292,0.3874121064366432,0.73810941696909,0.7825641271876229,0.09561752988047809,1.178521408522116,False,False,H1:IMC-WFS_A_DC_YAW_OUT_DQ,H1:LSC-POP_A_LF_OUT_DQ
CONTROL_W1_H1_AUX_AR1.gwf,1370345562.0,1370345569.0,0.710465668593293,0.16015625,0.710465668593293,0.16015625,True,False,250,0.1564981133223564,0.4134106872761586,0.6908432507307682,0.7413874855643509,0.0398406374501992,1.339993310092842,True,False,H1:IMC-WFS_A_DC_YAW_OUT_DQ,H1:LSC-POP_A_LF_OUT_DQ
CONTROL_W1_H1_AUX_AR1.gwf,1370345563.0,1370345570.0,0.6295818611837619,0.23828125,0.6295818611837619,0.23828125,False,False,250,0.23498162106437956,0.2776013940328103,0.6193567065211524,0.724262262193727,0.05179282868525897,1.421463467408754,False,False,H1:IMC-WFS_A_DC_YAW_OUT_DQ,H1:LSC-POP_A_LF_OUT_DQ
CONTROL_W1_H1_AUX_AR1.gwf,1370345564.0,1370345571.0,0.589023532846548,0.212890625,0.589023532846548,0.212890625,False,False,250,0.23253095761391784,0.29116895031282364,0.6720421272179474,0.7322621770746907,0.14741035856573706,1.2243495566736242,False,False,H1:IMC-WFS_A_DC_YAW_OUT_DQ,H1:LSC-POP_A_LF_OUT_DQ
CONTROL_W1_H1_AUX_AR1.gwf,1370345565.0,1370345572.0,0.6393356637772779,0.4765625,0.6220593578697173,0.271484375,False,False,250,0.13318107696555342,0.3187473049298663,0.6680852256466878,0.7172399408011735,0.07569721115537849,1.5879493849307786,False,False,H1:IMC-WFS_A_DC_YAW_OUT_DQ,H1:LSC-POP_A_LF_OUT_DQ
CONTROL_W1_H1_AUX_AR1.gwf,1370345566.0,1370345573.0,0.2722985817629537,0.3193359375,0.26992135293496133,0.271484375,False,False,250,0.22849925905872182,0.23331672857654961,0.5523173788837132,0.5847109986760551,0.47808764940239046,0.18772474211964452,False,False,H1:IMC-WFS_A_DC_YAW_OUT_DQ,H1:LSC-POP_A_LF_OUT_DQ
CONTROL_W1_H1_AUX_AR1.gwf,1370345567.0,1370345574.0,0.04943007756542895,0.5,-0.01884551148711057,0.271484375,False,False,250,0.1581881698266717,0.19439757221071702,0.5008179352459724,0.5620000468494202,0.6932270916334662,-0.5594621940203788,False,False,H1:IMC-WFS_A_DC_YAW_OUT_DQ,H1:LSC-POP_A_LF_OUT_DQ
CONTROL_W1_H1_AUX_AR1.gwf,1370345568.0,1370345575.0,0.20654558655992586,0.177734375,0.20654558655992586,0.177734375,False,False,250,0.21923916498341112,0.23862894005036248,0.5622208031130638,0.6475621472699076,0.5816733067729084,-0.05319379292723794,False,False,H1:IMC-WFS_A_DC_YAW_OUT_DQ,H1:LSC-POP_A_LF_OUT_DQ
CONTROL_W1_H1_AUX_AR1.gwf,1370345569.0,1370345576.0,0.0930674304986048,0.189453125,0.0930674304986048,0.189453125,False,False,250,0.11229304525704432,0.1421154524825386,0.3486942216571845,0.441899743095094,0.5617529880478087,-0.1352816630605439,False,False,H1:IMC-WFS_A_DC_YAW_OUT_DQ,H1:LSC-POP_A_LF_OUT_DQ
CONTROL_W1_H1_AUX_AR1.gwf,1370345570.0,1370345577.0,0.2580171651726631,-0.5,0.15254578988578418,0.189453125,False,False,250,0.1519961144339086,0.16240707253878506,0.3933854345197366,0.46021864587294675,0.30278884462151395,0.6528105524064244,False,False,H1:IMC-WFS_A_DC_YAW_OUT_DQ,H1:LSC-POP_A_LF_OUT_DQ
CONTROL_W1_H1_AUX_AR1.gwf,1370345571.0,1370345578.0,0.580325876685223,0.146484375,0.580325876685223,0.146484375,False,False,250,0.20308615934204316,0.3021634996351572,0.6144218917770424,0.6712154734645972,0.08366533864541832,1.248462232528655,False,False,H1:IMC-WFS_A_DC_YAW_OUT_DQ,H1:LSC-POP_A_LF_OUT_DQ
CONTROL_W1_H1_AUX_AR1.gwf,1370345572.0,1370345579.0,0.8562138546499217,0.25390625,0.8562138546499217,0.25390625,True,True,250,0.16810100508323123,0.530831972834004,0.8121102186217095,0.8531781154851787,0.01593625498007968,1.2962912649985945,True,False,H1:IMC-WFS_A_DC_YAW_OUT_DQ,H1:LSC-POP_A_LF_OUT_DQ
CONTROL_W1_H1_AUX_AR1.gwf,1370345573.0,1370345580.0,0.5099637831081701,-0.5,0.41015785656039705,0.146484375,False,False,250,0.13567569917349576,0.3008423689326501,0.5578728157879199,0.6501891474830461,0.08366533864541832,1.2441335482851044,False,False,H1:IMC-WFS_A_DC_YAW_OUT_DQ,H1:LSC-POP_A_LF_OUT_DQ
CONTROL_W1_H1_AUX_AR1.gwf,1370345574.0,1370345581.0,0.4646815151412217,-0.5,0.14191147501874504,0.146484375,False,False,250,0.23123113128144202,0.2144873774373321,0.6175482093017867,0.7167201933626065,0.14342629482071714,1.0884108270100328,False,False,H1:IMC-WFS_A_DC_YAW_OUT_DQ,H1:LSC-POP_A_LF_OUT_DQ
CONTROL_W1_H1_AUX_AR1.gwf,1370345575.0,1370345582.0,0.4392195390274421,0.087890625,0.4363688972297008,0.146484375,False,False,250,0.17531083920222168,0.39954500689527667,0.7359113600842135,0.7992011266066192,0.3386454183266932,0.6605230831839493,False,False,H1:IMC-WFS_A_DC_YAW_OUT_DQ,H1:LSC-POP_A_LF_OUT_DQ
CONTROL_W1_H1_AUX_AR1.gwf,1370345576.0,1370345583.0,0.46014392887028477,-0.5,0.3315307930945895,0.146484375,False,False,250,0.17657611001392526,0.33104235684746647,0.6788488965330369,0.7777086040306653,0.26693227091633465,0.8565907443288845,False,False,H1:IMC-WFS_A_DC_YAW_OUT_DQ,H1:LSC-POP_A_LF_OUT_DQ
CONTROL_W1_H1_AUX_AR1.gwf,1370345577.0,1370345584.0,0.09550510451835288,-0.5,-0.04233863568904597,0.146484375,False,False,250,0.2737647512438176,0.20804445069167857,0.5862758035831035,0.616741527294262,0.7729083665338645,-0.8568344223208585,False,False,H1:IMC-WFS_A_DC_YAW_OUT_DQ,H1:LSC-POP_A_LF_OUT_DQ
CONTROL_W1_H1_AUX_AR1.gwf,1370345578.0,1370345585.0,0.04687036235950928,-0.5,-0.1995479611127682,0.146484375,False,False,250,0.31496040987797486,0.2706875755003542,0.7229608126173072,0.7890390126036873,0.8247011952191236,-0.9904039630297502,False,False,H1:IMC-WFS_A_DC_YAW_OUT_DQ,H1:LSC-POP_A_LF_OUT_DQ
CONTROL_W1_H1_AUX_AR1.gwf,1370345579.0,1370345586.0,0.1699280939027871,-0.5,-0.038550913874753845,0.146484375,False,False,250,0.15111411694690652,0.13080669344094076,0.3552779320884479,0.5250401168334986,0.44621513944223107,0.14383038406497978,False,False,H1:IMC-WFS_A_DC_YAW_OUT_DQ,H1:LSC-POP_A_LF_OUT_DQ
CONTROL_W1_H1_AUX_AR1.gwf,1370345580.0,1370345587.0,0.022051734308394435,-0.5,-0.11885961749489042,0.271484375,False,False,250,0.15840500661836335,0.19598261432063227,0.4486876000141584,0.49533280716757816,0.7131474103585658,-0.695741674753311,False,False,H1:IMC-WFS_A_DC_YAW_OUT_DQ,H1:LSC-POP_A_LF_OUT_DQ
CONTROL_W1_H1_AUX_AR1.gwf,1370345581.0,1370345588.0,0.0015610305646061682,-0.5,-0.3690574968151366,0.146484375,False,False,250,0.20825111772230157,0.29509577273399523,0.6641127248846769,0.7607567056407925,0.7410358565737052,-0.7004169705406443,False,False,H1:IMC-WFS_A_DC_YAW_OUT_DQ,H1:LSC-POP_A_LF_OUT_DQ
CONTROL_W1_H1_AUX_AR1.gwf,1370345582.0,1370345589.0,0.3367649282449207,-0.5,-0.12497874053934199,0.146484375,False,False,250,0.1798252725390878,0.21799319601726247,0.5015674720113602,0.5934282381823441,0.24701195219123506,0.7199291472079026,False,False,H1:IMC-WFS_A_DC_YAW_OUT_DQ,H1:LSC-POP_A_LF_OUT_DQ
CONTROL_W1_H1_AUX_AR1.gwf,1370345583.0,1370345590.0,0.23635899724362971,-0.5,-0.15944981903328354,0.146484375,False,False,250,0.19823677439267834,0.29570765351371076,0.647091540391589,0.714336479910409,0.47410358565737054,0.12891862079986308,False,False,H1:IMC-WFS_A_DC_YAW_OUT_DQ,H1:LSC-POP_A_LF_OUT_DQ
CONTROL_W1_H1_AUX_AR1.gwf,1370345584.0,1370345591.0,0.10141459385445549,-0.5,-0.3133254374036406,0.146484375,False,False,250,0.191392462692301,0.30860998888871716,0.7009506225642155,0.753597984323567,0.5976095617529881,-0.2915585109926269,False,False,H1:IMC-WFS_A_DC_YAW_OUT_DQ,H1:LSC-POP_A_LF_OUT_DQ
CONTROL_W1_H1_AUX_AR1.gwf,1370345585.0,1370345592.0,0.16171582458621653,0.4423828125,0.0785480195332481,0.271484375,False,False,250,0.16915676052504672,0.28306856934837454,0.6153572056327875,0.7033128508365324,0.5179282868525896,-0.02628669073348294,False,False,H1:IMC-WFS_A_DC_YAW_OUT_DQ,H1:LSC-POP_A_LF_OUT_DQ
CONTROL_W1_H1_AUX_AR1.gwf,1370345586.0,1370345593.0,0.06622172000625114,-0.2578125,-0.037116042741032945,0.146484375,False,False,250,0.19355086112564743,0.2893668631342432,0.6101171953556792,0.6659704905485135,0.6852589641434262,-0.44002668356786145,False,False,H1:IMC-WFS_A_DC_YAW_OUT_DQ,H1:LSC-POP_A_LF_OUT_DQ
CONTROL_W1_H1_AUX_AR1.gwf,1370345587.0,1370345594.0,0.24929214598928406,-0.2392578125,0.03698173819556023,0.146484375,False,False,250,0.23404626227996692,0.2857100310767969,0.6403825895118984,0.711526552654971,0.5418326693227091,0.0533613875993705,False,False,H1:IMC-WFS_A_DC_YAW_OUT_DQ,H1:LSC-POP_A_LF_OUT_DQ
CONTROL_W1_H1_AUX_AR1.gwf,1370345588.0,1370345595.0,0.2924429510113513,-0.5,-0.0550610520658661,0.146484375,False,False,250,0.27872001436935595,0.3312838305074281,0.6900742523172649,0.7531288415346284,0.5896414342629482,0.04142350268341173,False,False,H1:IMC-WFS_A_DC_YAW_OUT_DQ,H1:LSC-POP_A_LF_OUT_DQ
CONTROL_W1_H1_AUX_AR1.gwf,1370345589.0,1370345596.0,0.17052816054716644,-0.5,-0.28290191271641585,0.146484375,False,False,250,0.2042462020443543,0.29490740253022213,0.6202250834362506,0.6972784396122005,0.5657370517928287,-0.11433433412622612,False,False,H1:IMC-WFS_A_DC_YAW_OUT_DQ,H1:LSC-POP_A_LF_OUT_DQ
CONTROL_W1_H1_AUX_AR1.gwf,1370345590.0,1370345597.0,-0.21064605112799145,-0.5,-0.44057774317796017,0.146484375,False,False,250,0.18896346316937057,0.3685318997919098,0.7364291055841411,0.8054813039230213,0.8047808764940239,-1.0843281532019347,False,False,H1:IMC-WFS_A_DC_YAW_OUT_DQ,H1:LSC-POP_A_LF_OUT_DQ
CONTROL_W1_H1_AUX_AR1.gwf,1370345591.0,1370345598.0,0.08335916123768247,-0.5,-0.36305427271275054,0.146484375,False,False,250,0.25848081128063827,0.2614032447426243,0.6879327974909681,0.7723051460689992,0.7051792828685259,-0.6699291365544421,False,False,H1:IMC-WFS_A_DC_YAW_OUT_DQ,H1:LSC-POP_A_LF_OUT_DQ
CONTROL_W1_H1_AUX_AR1.gwf,1370345592.0,1370345599.0,0.14789127815346167,-0.5,-0.1687562425679596,0.146484375,False,False,250,0.2460394510113243,0.14536626094906113,0.4954617480800493,0.55439923790557,0.7529880478087649,-0.6751784920178655,False,False,H1:IMC-WFS_A_DC_YAW_OUT_DQ,H1:LSC-POP_A_LF_OUT_DQ
CONTROL_W1_H1_AUX_AR1.gwf,1370345593.0,1370345600.0,0.1367249247334796,-0.5,-0.10268819689754018,0.146484375,False,False,250,0.33258266339577963,0.2043905491968504,0.6473242494984277,0.729587948675562,0.8047808764940239,-0.9582524213175221,False,False,H1:IMC-WFS_A_DC_YAW_OUT_DQ,H1:LSC-POP_A_LF_OUT_DQ
W0_H1_AUX_AR1.gwf,1369599104.0,1369599111.0,0.1951103289766419,0.4638671875,0.1540080534167547,0.271484375,False,False,250,0.2311626004120332,0.2580460464038961,0.6305531493131781,0.7038295558352329,0.5298804780876494,-0.13971255106525424,False,False,H1:IMC-WFS_A_DC_YAW_OUT_DQ,H1:LSC-POP_A_LF_OUT_DQ
W0_H1_AUX_AR1.gwf,1369599105.0,1369599112.0,0.6257726801956672,-0.5,0.5296283065324326,0.146484375,False,False,250,0.18411553496731545,0.42622797695062065,0.7731079858876689,0.8322339617819694,0.2151394422310757,1.0361993325452652,False,False,H1:IMC-WFS_A_DC_YAW_OUT_DQ,H1:LSC-POP_A_LF_OUT_DQ
W0_H1_AUX_AR1.gwf,1369599106.0,1369599113.0,0.3678931788191272,-0.5,-0.3729688407286842,0.146484375,False,False,250,0.14414907753418996,0.31519277548747254,0.6140422821599117,0.6819607538464011,0.32669322709163345,0.7098643074508858,False,False,H1:IMC-WFS_A_DC_YAW_OUT_DQ,H1:LSC-POP_A_LF_OUT_DQ
W0_H1_AUX_AR1.gwf,1369599107.0,1369599114.0,-0.06182570731485371,-0.5,-0.5885482554665037,0.146484375,False,False,250,0.2252851748212341,0.5240568015720182,0.8070584323902288,0.8443201420885257,0.6693227091633466,-0.5478621425670626,False,False,H1:IMC-WFS_A_DC_YAW_OUT_DQ,H1:LSC-POP_A_LF_OUT_DQ
W0_H1_AUX_AR1.gwf,1369599108.0,1369599115.0,0.31615282812277834,-0.5,0.04517948696581041,0.146484375,False,False,250,0.24966419308952004,0.41339085296896916,0.7719255843018655,0.8522349351267648,0.5139442231075697,0.16083721871380938,False,False,H1:IMC-WFS_A_DC_YAW_OUT_DQ,H1:LSC-POP_A_LF_OUT_DQ
W0_H1_AUX_AR1.gwf,1369599109.0,1369599116.0,0.5237475201825389,-0.5,0.38630099708570276,0.146484375,False,False,250,0.21305730977568152,0.3127565887666809,0.6245140411222965,0.6578750285096916,0.1952191235059761,0.9933930141392959,False,False,H1:IMC-WFS_A_DC_YAW_OUT_DQ,H1:LSC-POP_A_LF_OUT_DQ
W0_H1_AUX_AR1.gwf,1369599110.0,1369599117.0,0.2914316065978461,0.22265625,0.2914316065978461,0.22265625,False,False,250,0.2382587383821559,0.3346215474027603,0.7335604644426897,0.8726645524981316,0.46613545816733065,0.15890449562618814,False,False,H1:IMC-WFS_A_DC_YAW_OUT_DQ,H1:LSC-POP_A_LF_OUT_DQ
W0_H1_AUX_AR1.gwf,1369599111.0,1369599118.0,0.17414106889058015,0.5,0.11075028419759413,0.271484375,False,False,250,0.20890818150161788,0.260416394988149,0.6159023122421071,0.6851073097921356,0.5856573705179283,-0.13350585170576498,False,False,H1:IMC-WFS_A_DC_YAW_OUT_DQ,H1:LSC-POP_A_LF_OUT_DQ
W0_H1_AUX_AR1.gwf,1369599112.0,1369599119.0,0.5394148005432611,0.5,0.38016507192577453,0.271484375,False,False,250,0.2424518605280992,0.33797531256407715,0.7487289917305334,0.8110549218271911,0.22709163346613545,0.8786527565052856,False,False,H1:IMC-WFS_A_DC_YAW_OUT_DQ,H1:LSC-POP_A_LF_OUT_DQ
W0_H1_AUX_AR1.gwf,1369599113.0,1369599120.0,0.5435507295588746,0.5,0.438628655715636,0.271484375,False,False,250,0.2917364334196644,0.3297222161051171,0.7472805476808972,0.8307673718501388,0.2868525896414343,0.7637164978259475,False,False,H1:IMC-WFS_A_DC_YAW_OUT_DQ,H1:LSC-POP_A_LF_OUT_DQ
W0_H1_AUX_AR1.gwf,1369599114.0,1369599121.0,0.2914561483481372,0.5,0.14831034755577518,0.271484375,False,False,250,0.24209260599234908,0.37210448524918155,0.7284908767524813,0.7860052430106189,0.4940239043824701,0.1326604335949662,False,False,H1:IMC-WFS_A_DC_YAW_OUT_DQ,H1:LSC-POP_A_LF_OUT_DQ
W0_H1_AUX_AR1.gwf,1369599115.0,1369599122.0,-0.1762353982244948,0.5,-0.3573821602194794,0.271484375,False,False,250,0.2092577844312221,0.48934820881544544,0.7969525051075349,0.8448982843466744,0.6932270916334662,-0.787768659844228,False,False,H1:IMC-WFS_A_DC_YAW_OUT_DQ,H1:LSC-POP_A_LF_OUT_DQ
W0_H1_AUX_AR1.gwf,1369599116.0,1369599123.0,0.3543048773391391,0.5,0.15347293794839967,0.271484375,False,False,250,0.1491649367697273,0.3526584263919471,0.6498646175833493,0.7258916770998447,0.3705179282868526,0.5816958428250282,False,False,H1:IMC-WFS_A_DC_YAW_OUT_DQ,H1:LSC-POP_A_LF_OUT_DQ
W0_H1_AUX_AR1.gwf,1369599117.0,1369599124.0,0.5905608162272278,-0.0009765625,0.5617256874711016,0.146484375,False,False,250,0.11086997716792658,0.4635133013020374,0.7776160538942091,0.8306530406600405,0.26294820717131473,1.0349019924818126,False,False,H1:IMC-WFS_A_DC_YAW_OUT_DQ,H1:LSC-POP_A_LF_OUT_DQ
W0_H1_AUX_AR1.gwf,1369599118.0,1369599125.0,0.6825029187370479,0.01953125,0.665997474040022,0.146484375,False,False,250,0.19105211451100687,0.4720121789640399,0.7267931487191729,0.7593874552577716,0.14342629482071714,1.041182465470837,False,False,H1:IMC-WFS_A_DC_YAW_OUT_DQ,H1:LSC-POP_A_LF_OUT_DQ
W0_H1_AUX_AR1.gwf,1369599119.0,1369599126.0,0.6059267370807928,0.376953125,0.6004424784019782,0.271484375,False,False,250,0.25304682104963183,0.2984330546248855,0.7507975832234188,0.7881430139992059,0.1553784860557769,1.1824424625975574,False,False,H1:IMC-WFS_A_DC_YAW_OUT_DQ,H1:LSC-POP_A_LF_OUT_DQ
W0_H1_AUX_AR1.gwf,1369599120.0,1369599127.0,0.8152220939107606,0.1455078125,0.815221477004021,0.146484375,True,True,250,0.18540218250300392,0.46029234956600096,0.8131743599850191,0.8703953185975337,0.055776892430278883,1.3683041049924018,False,False,H1:IMC-WFS_A_DC_YAW_OUT_DQ,H1:LSC-POP_A_LF_OUT_DQ
W0_H1_AUX_AR1.gwf,1369599121.0,1369599128.0,0.870800131507974,-0.091796875,0.8440858225923542,0.146484375,True,True,250,0.23241355148748857,0.5365925146111222,0.8541678039237821,0.8751469219012659,0.02390438247011952,1.1897045945248326,True,False,H1:IMC-WFS_A_DC_YAW_OUT_DQ,H1:LSC-POP_A_LF_OUT_DQ
W0_H1_AUX_AR1.gwf,1369599122.0,1369599129.0,0.8468634128792374,-0.1435546875,0.7960302782156524,0.146484375,True,True,250,0.2673771094343502,0.38512578076071413,0.8102679817832995,0.8744418172358958,0.02390438247011952,1.5046676498786065,True,False,H1:IMC-WFS_A_DC_YAW_OUT_DQ,H1:LSC-POP_A_LF_OUT_DQ
W0_H1_AUX_AR1.gwf,1369599123.0,1369599130.0,0.5918072020207691,0.12890625,0.5914644511623661,0.146484375,False,False,250,0.3229923237906047,0.32820698661605086,0.7302332093906598,0.7699415259462912,0.250996015936255,0.8190406944159124,False,False,H1:IMC-WFS_A_DC_YAW_OUT_DQ,H1:LSC-POP_A_LF_OUT_DQ
W0_H1_AUX_AR1.gwf,1369599124.0,1369599131.0,0.4509057188685689,0.255859375,0.4509057188685689,0.255859375,False,False,250,0.32122833277334684,0.31438940455120273,0.7589306620963552,0.810832004093934,0.4103585657370518,0.41247378002556784,False,False,H1:IMC-WFS_A_DC_YAW_OUT_DQ,H1:LSC-POP_A_LF_OUT_DQ
W0_H1_AUX_AR1.gwf,1369599125.0,1369599132.0,0.21256490716103302,0.5,0.1757530324273743,0.271484375,False,False,250,0.30422449372529425,0.356765972655746,0.8228122329624604,0.9132638504934013,0.6215139442231076,-0.25691796188395544,False,False,H1:IMC-WFS_A_DC_YAW_OUT_DQ,H1:LSC-POP_A_LF_OUT_DQ
W0_H1_AUX_AR1.gwf,1369599126.0,1369599133.0,0.42981120803513295,0.5,0.28252541132873704,0.271484375,False,False,250,0.298177795287096,0.39131885726307153,0.872736433127085,0.9488953217073158,0.3784860557768924,0.33638402623552566,False,False,H1:IMC-WFS_A_DC_YAW_OUT_DQ,H1:LSC-POP_A_LF_OUT_DQ
W0_H1_AUX_AR1.gwf,1369599127.0,1369599134.0,0.6935362044320661,0.5,0.5126756805573747,0.271484375,False,False,250,0.30365463406708454,0.38624278970185943,0.8368699036300884,0.9056403735642172,0.20318725099601595,1.0094209672261607,False,False,H1:IMC-WFS_A_DC_YAW_OUT_DQ,H1:LSC-POP_A_LF_OUT_DQ
W0_H1_AUX_AR1.gwf,1369599128.0,1369599135.0,0.6396397784944039,0.5,0.5066384910555494,0.271484375,False,False,250,0.24173207782098674,0.34635747880908396,0.7578411176293118,0.7959885376942636,0.18326693227091634,1.1488353075024786,False,False,H1:IMC-WFS_A_DC_YAW_OUT_DQ,H1:LSC-POP_A_LF_OUT_DQ
W0_H1_AUX_AR1.gwf,1369599129.0,1369599136.0,0.6041803009532245,0.5,0.34377046243173515,0.271484375,False,False,250,0.2602434942125881,0.361214081876357,0.8033375003666683,0.8607256499857678,0.1952191235059761,0.9521688771213671,False,False,H1:IMC-WFS_A_DC_YAW_OUT_DQ,H1:LSC-POP_A_LF_OUT_DQ
W0_H1_AUX_AR1.gwf,1369599130.0,1369599137.0,0.5279052593854284,0.5,0.362295981113903,0.271484375,False,False,250,0.22619579204211573,0.34936971164007674,0.757947736376372,0.8576137436282436,0.22709163346613545,0.8635822090214164,False,False,H1:IMC-WFS_A_DC_YAW_OUT_DQ,H1:LSC-POP_A_LF_OUT_DQ
W0_H1_AUX_AR1.gwf,1369599131.0,1369599138.0,0.42070514855903934,0.5,0.3488291335444344,0.271484375,False,False,250,0.17031622887590173,0.2721024208451789,0.5806800494410046,0.6958974376398015,0.22310756972111553,0.920200999702256,False,False,H1:IMC-WFS_A_DC_YAW_OUT_DQ,H1:LSC-POP_A_LF_OUT_DQ
W0_H1_AUX_AR1.gwf,1369599132.0,1369599139.0,0.5187760010004105,0.5,0.3147596549187715,0.271484375,False,False,250,0.2561899750716273,0.28381657800399607,0.5980897199019921,0.668954576048312,0.1752988047808765,0.9251962227699262,False,False,H1:IMC-WFS_A_DC_YAW_OUT_DQ,H1:LSC-POP_A_LF_OUT_DQ
W0_H1_AUX_AR1.gwf,1369599133.0,1369599140.0,0.25035280633306656,0.5,0.047025126802489284,0.271484375,False,False,250,0.18869994013955824,0.38694638610446896,0.7703372882273466,0.8234926149534536,0.4820717131474104,0.15933180514796977,False,False,H1:IMC-WFS_A_DC_YAW_OUT_DQ,H1:LSC-POP_A_LF_OUT_DQ
W0_H1_AUX_AR1.gwf,1369599134.0,1369599141.0,0.52767300937264,0.5,0.33042669047760725,0.271484375,False,False,250,0.21986613063187752,0.3658338697634009,0.7215884380861538,0.7748436674556541,0.250996015936255,0.841384311791123,False,False,H1:IMC-WFS_A_DC_YAW_OUT_DQ,H1:LSC-POP_A_LF_OUT_DQ
W0_H1_AUX_AR1.gwf,1369599135.0,1369599142.0,0.6844997645828894,0.5,0.5931847722122157,0.271484375,False,False,250,0.20500939793061143,0.45802451806424754,0.7848080369424429,0.8307049503130194,0.1752988047808765,1.046866156158521,False,False,H1:IMC-WFS_A_DC_YAW_OUT_DQ,H1:LSC-POP_A_LF_OUT_DQ
W0_H1_AUX_AR1.gwf,1369599136.0,1369599143.0,0.6580199727617537,0.5,0.4575476850252561,0.271484375,False,False,250,0.29062312606506724,0.37551148816534796,0.7565146829954348,0.8500877895787582,0.1593625498007968,0.9783904308539068,False,False,H1:IMC-WFS_A_DC_YAW_OUT_DQ,H1:LSC-POP_A_LF_OUT_DQ
W0_H1_AUX_AR1.gwf,1369599137.0,1369599144.0,0.46926084754663555,0.5,0.25754834297063084,0.271484375,False,False,250,0.1516199859366376,0.34138821717769685,0.638355568202455,0.7022784066008996,0.2589641434262948,0.9304388541466909,False,False,H1:IMC-WFS_A_DC_YAW_OUT_DQ,H1:LSC-POP_A_LF_OUT_DQ
W0_H1_AUX_AR1.gwf,1369599138.0,1369599145.0,0.5209075042783307,0.5,0.3593897983190469,0.271484375,False,False,250,0.285947900594388,0.3778546627271946,0.7633388394421283,0.8290100694829672,0.36254980079681276,0.6218253388435224,False,False,H1:IMC-WFS_A_DC_YAW_OUT_DQ,H1:LSC-POP_A_LF_OUT_DQ
W0_H1_AUX_AR1.gwf,1369599139.0,1369599146.0,0.024942595299744918,0.5,-0.13615833881814404,0.271484375,False,False,250,0.22816330454379455,0.4643308876053129,0.8277690295870628,0.888150041014818,0.649402390438247,-0.4376635599068521,False,False,H1:IMC-WFS_A_DC_YAW_OUT_DQ,H1:LSC-POP_A_LF_OUT_DQ
W0_H1_AUX_AR1.gwf,1369599140.0,1369599147.0,0.2422850885139914,0.5,0.04807694516533018,0.271484375,False,False,250,0.1961397427860495,0.37206037583117896,0.7303383985836673,0.8070386544253297,0.5179282868525896,0.12402649872310015,False,False,H1:IMC-WFS_A_DC_YAW_OUT_DQ,H1:LSC-POP_A_LF_OUT_DQ
W0_H1_AUX_AR1.gwf,1369599141.0,1369599148.0,0.44498415051174295,0.5,0.3425217044926599,0.271484375,False,False,250,0.25664190282798566,0.4081341211127533,0.8296385930335437,0.8813205033051604,0.4103585657370518,0.46147145739800777,False,False,H1:IMC-WFS_A_DC_YAW_OUT_DQ,H1:LSC-POP_A_LF_OUT_DQ
W0_H1_AUX_AR1.gwf,1369599142.0,1369599149.0,0.2019891629390921,0.5,0.003983068611360972,0.271484375,False,False,250,0.2944509464775049,0.34182173339827354,0.7436114390866387,0.793817239912774,0.6095617529880478,-0.27049708811429196,False,False,H1:IMC-WFS_A_DC_YAW_OUT_DQ,H1:LSC-POP_A_LF_OUT_DQ
W0_H1_AUX_AR1.gwf,1369599143.0,1369599150.0,-0.2920352963633822,0.5,-0.5366459830171666,0.271484375,False,False,250,0.1577956599618856,0.44272584993255093,0.7467406795001245,0.7974372993477594,0.7649402390438247,-1.0160485465075042,False,False,H1:IMC-WFS_A_DC_YAW_OUT_DQ,H1:LSC-POP_A_LF_OUT_DQ
W0_H1_AUX_AR1.gwf,1369599144.0,1369599151.0,-0.46023876713570333,0.5,-0.6853240448868734,0.271484375,False,False,250,0.19375949203372977,0.40289999852801356,0.7240056512672677,0.8163976992596466,0.9641434262948207,-1.6232272562889094,False,False,H1:IMC-WFS_A_DC_YAW_OUT_DQ,H1:LSC-POP_A_LF_OUT_DQ
W0_H1_AUX_AR1.gwf,1369599145.0,1369599152.0,-0.35822503672633227,0.5,-0.5035362252396763,0.271484375,False,False,250,0.1429283432018059,0.34269710462418457,0.6383945804926141,0.6830552620945415,0.9282868525896414,-1.462379965181565,False,False,H1:IMC-WFS_A_DC_YAW_OUT_DQ,H1:LSC-POP_A_LF_OUT_DQ
W0_H1_AUX_AR1.gwf,1369599146.0,1369599153.0,-0.37481377883787603,0.5,-0.6008075538657088,0.271484375,False,False,250,0.24219327234755147,0.33630751920561325,0.7658030825186402,0.8255330885892317,0.9800796812749004,-1.8346513709917942,False,False,H1:IMC-WFS_A_DC_YAW_OUT_DQ,H1:LSC-POP_A_LF_OUT_DQ
W0_H1_AUX_AR1.gwf,1369599147.0,1369599154.0,-0.3254479623621347,-0.5,-0.42885818101385964,0.146484375,False,False,250,0.20650560808119794,0.32429074794934304,0.6448938078145902,0.7162705580810448,0.9282868525896414,-1.6403599973392653,False,False,H1:IMC-WFS_A_DC_YAW_OUT_DQ,H1:LSC-POP_A_LF_OUT_DQ
W0_H1_AUX_AR1.gwf,1369599148.0,1369599155.0,0.02078168571649093,-0.5,-0.4528520417559323,0.146484375,False,False,250,0.26867420908719564,0.3330322605459143,0.7684529406982189,0.8418648576463423,0.7649402390438247,-0.744349880592209,False,False,H1:IMC-WFS_A_DC_YAW_OUT_DQ,H1:LSC-POP_A_LF_OUT_DQ
W0_H1_AUX_AR1.gwf,1369599149.0,1369599156.0,-0.1334841636525804,-0.5,-0.6607079947426957,0.146484375,False,False,250,0.20428636175881917,0.3733353626454687,0.7515128801513405,0.8765599963560949,0.8007968127490039,-0.9047375609370211,False,False,H1:IMC-WFS_A_DC_YAW_OUT_DQ,H1:LSC-POP_A_LF_OUT_DQ
W0_H1_AUX_AR1.gwf,1369599150.0,1369599157.0,-0.32120801402213206,-0.5,-0.7611533123330043,0.146484375,False,False,250,0.22974175678381623,0.5344223855726224,0.8670050585250378,0.8979818151323379,0.7450199203187251,-1.0309256978740087,False,False,H1:IMC-WFS_A_DC_YAW_OUT_DQ,H1:LSC-POP_A_LF_OUT_DQ
W0_H1_AUX_AR1.gwf,1369599151.0,1369599158.0,0.25505616729376807,-0.5,-0.27367989656122377,0.146484375,False,False,250,0.3980583578331086,0.3870394497484734,0.8473923628172416,0.8742011743898487,0.6573705179282868,-0.3694770407313101,False,False,H1:IMC-WFS_A_DC_YAW_OUT_DQ,H1:LSC-POP_A_LF_OUT_DQ
W0_H1_AUX_AR1.gwf,1369599152.0,1369599159.0,0.5367689325238474,-0.36328125,0.3020655284581177,0.146484375,False,False,250,0.16281662733659433,0.4571907704295267,0.7577496396432724,0.8013885700764812,0.32270916334661354,0.8179349395787849,False,False,H1:IMC-WFS_A_DC_YAW_OUT_DQ,H1:LSC-POP_A_LF_OUT_DQ
W0_H1_AUX_AR1.gwf,1369599153.0,1369599160.0,-0.01826478072055096,-0.5,-0.3138026983299986,0.271484375,False,False,250,0.1802127900077947,0.3963570720084889,0.7194116102197606,0.7828642022734696,0.6374501992031872,-0.5007544578997566,False,False,H1:IMC-WFS_A_DC_YAW_OUT_DQ,H1:LSC-POP_A_LF_OUT_DQ
W0_H1_AUX_AR1.gwf,1369599154.0,1369599161.0,-0.2719894230867815,0.5,-0.3549751880577241,0.271484375,False,False,250,0.1832534772995005,0.3941949852933414,0.7640232222394239,0.8151798561669478,0.8406374501992032,-1.1548673051929152,False,False,H1:IMC-WFS_A_DC_YAW_OUT_DQ,H1:LSC-POP_A_LF_OUT_DQ
W0_H1_AUX_AR1.gwf,1369599155.0,1369599162.0,-0.024378895346354536,0.4013671875,-0.03395697197698625,0.271484375,False,False,250,0.20975653193285762,0.16495799209935819,0.474221273064398,0.5732236009364072,0.9282868525896414,-1.4193639501757922,False,False,H1:IMC-WFS_A_DC_YAW_OUT_DQ,H1:LSC-POP_A_LF_OUT_DQ
W0_H1_AUX_AR1.gwf,1369599156.0,1369599163.0,0.017548570004344642,0.41796875,0.006439420012419056,0.271484375,False,False,250,0.22496727973498837,0.28777629849696673,0.6601184005389092,0.717291688247051,0.7569721115537849,-0.7207637001864835,False,False,H1:IMC-WFS_A_DC_YAW_OUT_DQ,H1:LSC-POP_A_LF_OUT_DQ
W0_H1_AUX_AR1.gwf,1369599157.0,1369599164.0,-0.40430100936844027,0.5,-0.4533487862747659,0.271484375,False,False,250,0.14551086230955548,0.34636391864375965,0.6534738445913335,0.7390992727418451,0.9760956175298805,-1.587382062862862,False,False,H1:IMC-WFS_A_DC_YAW_OUT_DQ,H1:LSC-POP_A_LF_OUT_DQ
W0_H1_AUX_AR1.gwf,1369599158.0,1369599165.0,-0.0775312370493627,-0.5,-0.3017673828862066,0.146484375,False,False,250,0.26485863288747397,0.305449283533852,0.6960089590250462,0.7826332736770876,0.8207171314741036,-1.1209385269318881,False,False,H1:IMC-WFS_A_DC_YAW_OUT_DQ,H1:LSC-POP_A_LF_OUT_DQ
W0_H1_AUX_AR1.gwf,1369599159.0,1369599166.0,0.057170258647766994,-0.5,-0.04733355711069966,0.146484375,False,False,250,0.15005875328225737,0.3417571979752222,0.6591321189313204,0.777470427756808,0.5896414342629482,-0.27179674688585465,False,False,H1:IMC-WFS_A_DC_YAW_OUT_DQ,H1:LSC-POP_A_LF_OUT_DQ
W0_H1_AUX_AR1.gwf,1369599160.0,1369599167.0,0.39624332614627317,-0.208984375,0.3435091903695299,0.146484375,False,False,250,0.12623861250990237,0.3125557145753512,0.5563428299045209,0.5920979839791499,0.28286852589641437,0.8638610687480418,False,False,H1:IMC-WFS_A_DC_YAW_OUT_DQ,H1:LSC-POP_A_LF_OUT_DQ
W0_H1_AUX_AR1.gwf,1369599161.0,1369599168.0,0.12128070443514333,-0.5,-0.07582442905172121,0.146484375,False,False,250,0.13826535408898435,0.2050673430292046,0.49226203919618255,0.6050445829851389,0.5179282868525896,-0.08282474138957446,False,False,H1:IMC-WFS_A_DC_YAW_OUT_DQ,H1:LSC-POP_A_LF_OUT_DQ
W10_H1_AUX_AR1.gwf,1376516096.0,1376516103.0,0.635056906736976,-0.5,0.34831965813181054,0.146484375,False,False,250,0.1303021449554894,0.2855567454383638,0.5829477675101906,0.6610488029352141,0.027888446215139442,1.7676163139015595,True,False,H1:IMC-WFS_A_DC_YAW_OUT_DQ,H1:LSC-POP_A_LF_OUT_DQ
W10_H1_AUX_AR1.gwf,1376516097.0,1376516104.0,0.10483975301678818,-0.4443359375,-0.22321040822832672,0.146484375,False,False,250,0.20974876503621143,0.2450896816513156,0.6289823023682964,0.684639369300668,0.6812749003984063,-0.42804336483114497,False,False,H1:IMC-WFS_A_DC_YAW_OUT_DQ,H1:LSC-POP_A_LF_OUT_DQ
W10_H1_AUX_AR1.gwf,1376516098.0,1376516105.0,0.04286217817952341,0.5,-0.06811472822197565,0.146484375,False,False,250,0.2306553726805792,0.3027078425977667,0.690862231899486,0.7854851866077442,0.7051792828685259,-0.6203776978140352,False,False,H1:IMC-WFS_A_DC_YAW_OUT_DQ,H1:LSC-POP_A_LF_OUT_DQ
W10_H1_AUX_AR1.gwf,1376516099.0,1376516106.0,-0.38513956126778714,0.5,-0.5880220021189527,0.271484375,False,False,250,0.21644408984637387,0.42326235339578494,0.743234589269087,0.794163473693776,0.8725099601593626,-1.4213020512873986,False,False,H1:IMC-WFS_A_DC_YAW_OUT_DQ,H1:LSC-POP_A_LF_OUT_DQ
W10_H1_AUX_AR1.gwf,1376516100.0,1376516107.0,-0.24685338617318994,0.5,-0.5209192583686484,0.271484375,False,False,250,0.24021411921289168,0.3342527310977624,0.7282549182055371,0.8040224392124335,0.9322709163346613,-1.45718332288996,False,False,H1:IMC-WFS_A_DC_YAW_OUT_DQ,H1:LSC-POP_A_LF_OUT_DQ
W10_H1_AUX_AR1.gwf,1376516101.0,1376516108.0,-0.4326021951344447,0.5,-0.6445724425260192,0.271484375,False,False,250,0.17412565740741326,0.30230886808678986,0.6457022287547872,0.7754999518628102,0.9800796812749004,-2.006980001551501,False,False,H1:IMC-WFS_A_DC_YAW_OUT_DQ,H1:LSC-POP_A_LF_OUT_DQ
W10_H1_AUX_AR1.gwf,1376516102.0,1376516109.0,-0.12233483150745071,-0.5,-0.5573855011374566,0.146484375,False,False,250,0.2533136802745179,0.3919564408008884,0.7601736846232291,0.7993801770764677,0.7689243027888446,-0.9583935169285709,False,False,H1:IMC-WFS_A_DC_YAW_OUT_DQ,H1:LSC-POP_A_LF_OUT_DQ
W10_H1_AUX_AR1.gwf,1376516103.0,1376516110.0,0.16098359133234497,-0.5,-0.3655221172148323,0.146484375,False,False,250,0.24237764659806244,0.32272705753261277,0.730061189981212,0.7940677801567161,0.6055776892430279,-0.2522070999810491,False,False,H1:IMC-WFS_A_DC_YAW_OUT_DQ,H1:LSC-POP_A_LF_OUT_DQ
W10_H1_AUX_AR1.gwf,1376516104.0,1376516111.0,0.26712490385538823,-0.5,-0.20731164855180256,0.146484375,False,False,250,0.27963011541239496,0.3086083553380641,0.7149095003816265,0.7921935620600615,0.5657370517928287,-0.04052129937735464,False,False,H1:IMC-WFS_A_DC_YAW_OUT_DQ,H1:LSC-POP_A_LF_OUT_DQ
W10_H1_AUX_AR1.gwf,1376516105.0,1376516112.0,0.35727230964703194,-0.5,0.0790842631491459,0.146484375,False,False,250,0.1674056344429068,0.3115126117788963,0.6171563275302091,0.6952082656875227,0.3426294820717131,0.6094991599854958,False,False,H1:IMC-WFS_A_DC_YAW_OUT_DQ,H1:LSC-POP_A_LF_OUT_DQ
W10_H1_AUX_AR1.gwf,1376516106.0,1376516113.0,0.8083783584093213,-0.5,0.4816079782308164,0.146484375,False,True,250,0.24567325039978746,0.48002194635676276,0.8327706662189313,0.8956607655858031,0.0796812749003984,1.1722487112939606,False,False,H1:IMC-WFS_A_DC_YAW_OUT_DQ,H1:LSC-POP_A_LF_OUT_DQ
W10_H1_AUX_AR1.gwf,1376516107.0,1376516114.0,0.8838520772585015,-0.4189453125,0.6317391084170554,0.146484375,False,True,250,0.23499844814723958,0.4010617569535462,0.7927724923807224,0.8453486377856174,0.00796812749003984,1.6178396914229265,True,False,H1:IMC-WFS_A_DC_YAW_OUT_DQ,H1:LSC-POP_A_LF_OUT_DQ
W10_H1_AUX_AR1.gwf,1376516108.0,1376516115.0,0.7262349011156112,-0.5,0.35935792504746317,0.146484375,False,False,250,0.2497244336157231,0.3057266573599103,0.6547754213397494,0.7129253941013216,0.01195219123505976,1.5586160252258479,True,False,H1:IMC-WFS_A_DC_YAW_OUT_DQ,H1:LSC-POP_A_LF_OUT_DQ
W10_H1_AUX_AR1.gwf,1376516109.0,1376516116.0,0.7565446495270735,-0.3564453125,0.6709170568774281,0.146484375,False,False,250,0.17053098207124628,0.470582634070813,0.783642269929285,0.8170330350153869,0.0796812749003984,1.2452938655778023,False,False,H1:IMC-WFS_A_DC_YAW_OUT_DQ,H1:LSC-POP_A_LF_OUT_DQ
W10_H1_AUX_AR1.gwf,1376516110.0,1376516117.0,0.5378287598639236,-0.5,0.43536043531226054,0.146484375,False,False,250,0.1951554646740367,0.3592490170620828,0.7174073361870879,0.775581896491359,0.21115537848605578,0.9538600773141954,False,False,H1:IMC-WFS_A_DC_YAW_OUT_DQ,H1:LSC-POP_A_LF_OUT_DQ
W10_H1_AUX_AR1.gwf,1376516111.0,1376516118.0,0.16906826474498346,-0.419921875,-0.040805294293890675,0.146484375,False,False,250,0.23208597779666706,0.31331792387531937,0.697042447743887,0.7651722769598901,0.5697211155378487,-0.20113025221232045,False,False,H1:IMC-WFS_A_DC_YAW_OUT_DQ,H1:LSC-POP_A_LF_OUT_DQ
W10_H1_AUX_AR1.gwf,1376516112.0,1376516119.0,0.12948544124683414,0.5,0.06800080031156047,0.271484375,False,False,250,0.19892444355320965,0.18892631593136316,0.5096514307935492,0.5971929068992551,0.6454183266932271,-0.36754542089098197,False,False,H1:IMC-WFS_A_DC_YAW_OUT_DQ,H1:LSC-POP_A_LF_OUT_DQ
W10_H1_AUX_AR1.gwf,1376516113.0,1376516120.0,0.09669792155820124,0.5,-0.026870938170234667,0.271484375,False,False,250,0.2369011774655129,0.2436458255589463,0.6262986438166831,0.6963535102486585,0.6932270916334662,-0.5754387771088311,False,False,H1:IMC-WFS_A_DC_YAW_OUT_DQ,H1:LSC-POP_A_LF_OUT_DQ
W10_H1_AUX_AR1.gwf,1376516114.0,1376516121.0,-0.0933101052498275,0.5,-0.16748415926692567,0.271484375,False,False,250,0.27900095834970534,0.250323053043703,0.6586530578729877,0.7440859442022197,0.9282868525896414,-1.4873223183904374,False,False,H1:IMC-WFS_A_DC_YAW_OUT_DQ,H1:LSC-POP_A_LF_OUT_DQ
W10_H1_AUX_AR1.gwf,1376516128.0,1376516135.0,0.7089868393384938,0.5,0.5558167324337955,0.271484375,False,False,250,0.2630750055490954,0.35128797946827983,0.7778788039548524,0.8514167227976479,0.11155378486055777,1.2693626308088997,False,False,H1:IMC-WFS_A_DC_YAW_OUT_DQ,H1:LSC-POP_A_LF_OUT_DQ
W10_H1_AUX_AR1.gwf,1376516129.0,1376516136.0,0.8158284422305472,0.5,0.7384822663766232,0.271484375,True,True,250,0.2831959468352582,0.27438199178460254,0.6938970590758781,0.778952787090615,0.01195219123505976,1.9412079194082834,True,False,H1:IMC-WFS_A_DC_YAW_OUT_DQ,H1:LSC-POP_A_LF_OUT_DQ
W10_H1_AUX_AR1.gwf,1376516130.0,1376516137.0,0.5290525834829245,-0.5,0.23039004022175566,0.146484375,False,False,250,0.15997943754296712,0.30840002600457944,0.6292245542008629,0.6871459833506328,0.11952191235059761,1.196735132358507,False,False,H1:IMC-WFS_A_DC_YAW_OUT_DQ,H1:LSC-POP_A_LF_OUT_DQ
W10_H1_AUX_AR1.gwf,1376516131.0,1376516138.0,0.8533414477400766,-0.5,0.2730274940220074,0.146484375,False,True,250,0.2919478744096769,0.30382031633797113,0.758773922327705,0.8483552488762781,0.01593625498007968,1.8477815443582872,True,False,H1:IMC-WFS_A_DC_YAW_OUT_DQ,H1:LSC-POP_A_LF_OUT_DQ
W10_H1_AUX_AR1.gwf,1376516132.0,1376516139.0,0.8541281725330566,-0.5,0.28596624354415046,0.146484375,False,True,250,0.2455680185073574,0.3751454644220825,0.794000211668729,0.8436131877680301,0.00796812749003984,1.622197818553386,True,False,H1:IMC-WFS_A_DC_YAW_OUT_DQ,H1:LSC-POP_A_LF_OUT_DQ
W10_H1_AUX_AR1.gwf,1376516133.0,1376516140.0,0.7386815952869227,-0.5,0.09904933402939527,0.146484375,False,False,250,0.2531798064442776,0.3469875934517106,0.7501908290750381,0.827383639558106,0.06772908366533864,1.3991906281519864,False,False,H1:IMC-WFS_A_DC_YAW_OUT_DQ,H1:LSC-POP_A_LF_OUT_DQ
W10_H1_AUX_AR1.gwf,1376516134.0,1376516141.0,0.4764249939524788,-0.5,-0.05479509150127773,0.146484375,False,False,250,0.23813055562852856,0.35674523010588943,0.7712333354738848,0.8389586861140259,0.32270916334661354,0.6679681134158948,False,False,H1:IMC-WFS_A_DC_YAW_OUT_DQ,H1:LSC-POP_A_LF_OUT_DQ
W10_H1_AUX_AR1.gwf,1376516135.0,1376516142.0,0.36466416543762425,-0.5,-0.0028791676651608146,0.146484375,False,False,250,0.2924075609933111,0.24676697375627127,0.6902885516497393,0.8186643646972255,0.41832669322709165,0.2928131076230651,False,False,H1:IMC-WFS_A_DC_YAW_OUT_DQ,H1:LSC-POP_A_LF_OUT_DQ
W10_H1_AUX_AR1.gwf,1376516136.0,1376516143.0,0.1470591494379824,0.462890625,0.14037656388135497,0.271484375,False,False,250,0.2614454165873052,0.29283198143991696,0.7269804444301686,0.808082846480412,0.6374501992031872,-0.3906208146625968,False,False,H1:IMC-WFS_A_DC_YAW_OUT_DQ,H1:LSC-POP_A_LF_OUT_DQ
W10_H1_AUX_AR1.gwf,1376516137.0,1376516144.0,0.047319715722127335,0.5,-0.15324960200169033,0.271484375,False,False,250,0.25218658888966167,0.48430369262335543,0.8899920796341719,0.9325095631802726,0.6414342629482072,-0.42301323794956064,False,False,H1:IMC-WFS_A_DC_YAW_OUT_DQ,H1:LSC-POP_A_LF_OUT_DQ
W10_H1_AUX_AR1.gwf,1376516138.0,1376516145.0,0.4129445614888157,0.5,0.20158445466614486,0.271484375,False,False,250,0.17238459799373299,0.43700798114218387,0.7274849190971314,0.7873300545081688,0.4103585657370518,0.5504704121566483,False,False,H1:IMC-WFS_A_DC_YAW_OUT_DQ,H1:LSC-POP_A_LF_OUT_DQ
W10_H1_AUX_AR1.gwf,1376516139.0,1376516146.0,0.8872703911418548,0.5,0.7669091177947291,0.271484375,True,True,250,0.16987018233052947,0.5245402331637361,0.8435192537002136,0.8881948383702959,0.01593625498007968,1.3676743240158429,True,False,H1:IMC-WFS_A_DC_YAW_OUT_DQ,H1:LSC-POP_A_LF_OUT_DQ
W10_H1_AUX_AR1.gwf,1376516140.0,1376516147.0,0.9140984282557577,0.5,0.8485121518434338,0.271484375,True,True,250,0.3593025227089555,0.3985241422988955,0.8564428452699948,0.9016180410171807,0.00796812749003984,1.392126214352911,True,False,H1:IMC-WFS_A_DC_YAW_OUT_DQ,H1:LSC-POP_A_LF_OUT_DQ
W10_H1_AUX_AR1.gwf,1376516141.0,1376516148.0,0.676991085727824,0.5,0.4651155954964509,0.271484375,False,False,250,0.1821208976935587,0.3508505428569466,0.6815316817522248,0.7221915353562194,0.055776892430278883,1.4104871664286986,False,False,H1:IMC-WFS_A_DC_YAW_OUT_DQ,H1:LSC-POP_A_LF_OUT_DQ
W10_H1_AUX_AR1.gwf,1376516142.0,1376516149.0,0.8972038753107605,0.3876953125,0.8856477041706735,0.271484375,True,True,250,0.16235807755450293,0.4996865088825566,0.7985340139238386,0.8398322249412683,0.00398406374501992,1.470613644141774,True,False,H1:IMC-WFS_A_DC_YAW_OUT_DQ,H1:LSC-POP_A_LF_OUT_DQ
W10_H1_AUX_AR1.gwf,1376516143.0,1376516150.0,0.9032546217437629,0.2353515625,0.9032546217437629,0.2353515625,True,True,250,0.2064956695843984,0.6245786988200753,0.9193673307562643,0.9522742139302302,0.0796812749003984,1.1155663064969212,False,False,H1:IMC-WFS_A_DC_YAW_OUT_DQ,H1:LSC-POP_A_LF_OUT_DQ
W10_H1_AUX_AR1.gwf,1376516144.0,1376516151.0,0.7790921810765981,-0.1728515625,0.7398191246357103,0.146484375,True,False,250,0.143142164577923,0.5202765004554049,0.7880887484088508,0.8160497835093663,0.06374501992031872,1.2223308489659244,False,False,H1:IMC-WFS_A_DC_YAW_OUT_DQ,H1:LSC-POP_A_LF_OUT_DQ
W10_H1_AUX_AR1.gwf,1376516145.0,1376516152.0,0.7656314582505638,-0.4130859375,0.6051606073782556,0.146484375,False,False,250,0.20493569002720882,0.2965256866379024,0.6258081405673106,0.6994621878999991,0.00398406374501992,1.8908843094866168,True,False,H1:IMC-WFS_A_DC_YAW_OUT_DQ,H1:LSC-POP_A_LF_OUT_DQ
W10_H1_AUX_AR1.gwf,1376516146.0,1376516153.0,0.827392807583557,-0.4892578125,0.6940898288258324,0.146484375,False,True,250,0.18734304118215828,0.5272596557273556,0.8825221087863685,0.9222888855614941,0.12350597609561753,1.2139175820658021,False,False,H1:IMC-WFS_A_DC_YAW_OUT_DQ,H1:LSC-POP_A_LF_OUT_DQ
W10_H1_AUX_AR1.gwf,1376516147.0,1376516154.0,0.8737366858923122,-0.5,0.5923678157100678,0.146484375,False,True,250,0.2318146375355422,0.5269800189987447,0.8689012720017457,0.9028181112224554,0.05179282868525897,1.2181145872976622,False,False,H1:IMC-WFS_A_DC_YAW_OUT_DQ,H1:LSC-POP_A_LF_OUT_DQ
W10_H1_AUX_AR1.gwf,1376516148.0,1376516155.0,0.7962836744141514,-0.5,0.27525795033623485,0.146484375,False,False,250,0.29364450404021,0.3642040557318459,0.787910438051154,0.8280939400469427,0.043824701195219126,1.3801031659680962,True,False,H1:IMC-WFS_A_DC_YAW_OUT_DQ,H1:LSC-POP_A_LF_OUT_DQ
W10_H1_AUX_AR1.gwf,1376516149.0,1376516156.0,0.6864008120538162,-0.5,-0.08378643375871103,0.146484375,False,False,250,0.3182896197286628,0.38816643278408824,0.8607341628914176,0.8894481942518259,0.21912350597609562,0.9483333983438741,False,False,H1:IMC-WFS_A_DC_YAW_OUT_DQ,H1:LSC-POP_A_LF_OUT_DQ
W10_H1_AUX_AR1.gwf,1376516150.0,1376516157.0,0.6824994248568063,-0.4072265625,0.3053334608506282,0.146484375,False,False,250,0.35031990103940974,0.36934492515689066,0.8246913829183774,0.8510741776286527,0.250996015936255,0.8993748152253426,False,False,H1:IMC-WFS_A_DC_YAW_OUT_DQ,H1:LSC-POP_A_LF_OUT_DQ
W10_H1_AUX_AR1.gwf,1376516151.0,1376516158.0,0.46732182416546775,-0.0556640625,0.406042364837932,0.146484375,False,False,250,0.2821782112431484,0.3049561998265736,0.7769442665961129,0.8383470245105632,0.2868525896414343,0.6071154251909263,False,False,H1:IMC-WFS_A_DC_YAW_OUT_DQ,H1:LSC-POP_A_LF_OUT_DQ
W10_H1_AUX_AR1.gwf,1376516152.0,1376516159.0,0.5047372404195387,-0.2861328125,0.27516313844666945,0.146484375,False,False,250,0.3178156945802723,0.2270710364524094,0.6087407396518947,0.6777162267354785,0.20717131474103587,0.8231853289595668,False,False,H1:IMC-WFS_A_DC_YAW_OUT_DQ,H1:LSC-POP_A_LF_OUT_DQ
W10_H1_AUX_AR1.gwf,1376516153.0,1376516160.0,0.6910501348176402,0.033203125,0.6789218161883148,0.146484375,False,False,250,0.26828396766428875,0.36452765274411036,0.7670735500833491,0.8117928115376275,0.17928286852589642,1.1597643250678793,False,False,H1:IMC-WFS_A_DC_YAW_OUT_DQ,H1:LSC-POP_A_LF_OUT_DQ
W7_H1_AUX_AR1.gwf,1374550464.0,1374550471.0,0.23698522969910782,-0.5,0.06824206809921302,0.146484375,False,False,250,0.25104628114965033,0.20802796430494785,0.5433491743541515,0.6290707221879157,0.5776892430278885,-0.06759212155693856,False,False,H1:IMC-WFS_A_DC_YAW_OUT_DQ,H1:LSC-POP_A_LF_OUT_DQ
W7_H1_AUX_AR1.gwf,1374550465.0,1374550472.0,0.18815026708989677,-0.5,0.10219778615806852,0.271484375,False,False,250,0.21657012198695252,0.18226239630320726,0.4712937781236111,0.5606313725282267,0.6095617529880478,-0.15592824122523433,False,False,H1:IMC-WFS_A_DC_YAW_OUT_DQ,H1:LSC-POP_A_LF_OUT_DQ
W7_H1_AUX_AR1.gwf,1374550466.0,1374550473.0,0.2721895258634717,0.4921875,0.19882854205664155,0.271484375,False,False,250,0.22198118285097848,0.23166234348069276,0.6206985289098201,0.6834734150146501,0.4262948207171315,0.21673070494807334,False,False,H1:IMC-WFS_A_DC_YAW_OUT_DQ,H1:LSC-POP_A_LF_OUT_DQ
W7_H1_AUX_AR1.gwf,1374550467.0,1374550474.0,-0.3180520705597801,0.5,-0.49168627672919113,0.271484375,False,False,250,0.21872172913854507,0.21271555853201873,0.5742444482153459,0.6839828317831128,1.0,-2.5234345968986935,False,False,H1:IMC-WFS_A_DC_YAW_OUT_DQ,H1:LSC-POP_A_LF_OUT_DQ
W7_H1_AUX_AR1.gwf,1374550468.0,1374550475.0,-0.2751222431212606,0.5,-0.4827984780053037,0.271484375,False,False,250,0.16953174440383206,0.3926189578588732,0.7433030039625146,0.7936741639502408,0.848605577689243,-1.1325331561929404,False,False,H1:IMC-WFS_A_DC_YAW_OUT_DQ,H1:LSC-POP_A_LF_OUT_DQ
W7_H1_AUX_AR1.gwf,1374550469.0,1374550476.0,0.04842192445493414,0.5,-0.22293854217641235,0.271484375,False,False,250,0.2703191283929566,0.305288285293647,0.6768058841636843,0.7736983653739516,0.7569721115537849,-0.7268448041646492,False,False,H1:IMC-WFS_A_DC_YAW_OUT_DQ,H1:LSC-POP_A_LF_OUT_DQ
W7_H1_AUX_AR1.gwf,1374550470.0,1374550477.0,-0.09243525735809234,0.5,-0.2912870106938569,0.271484375,False,False,250,0.2168784474402969,0.3697678249549323,0.7781349473731299,0.8619456561059419,0.7689243027888446,-0.836507894747437,False,False,H1:IMC-WFS_A_DC_YAW_OUT_DQ,H1:LSC-POP_A_LF_OUT_DQ
W7_H1_AUX_AR1.gwf,1374550471.0,1374550478.0,0.07432561909569343,0.5,-0.058329144016529715,0.271484375,False,False,250,0.22836638190226946,0.32129568110764495,0.6853757020286168,0.7273147553006425,0.6812749003984063,-0.47943614515928445,False,False,H1:IMC-WFS_A_DC_YAW_OUT_DQ,H1:LSC-POP_A_LF_OUT_DQ
W7_H1_AUX_AR1.gwf,1374550472.0,1374550479.0,0.3282109256829958,0.5,0.09347369441130884,0.271484375,False,False,250,0.19268615835870617,0.3764771028237161,0.7686015649471216,0.8573722077086999,0.3944223107569721,0.3599814339512397,False,False,H1:IMC-WFS_A_DC_YAW_OUT_DQ,H1:LSC-POP_A_LF_OUT_DQ
W7_H1_AUX_AR1.gwf,1374550473.0,1374550480.0,0.6046294176129424,0.5,0.4034922129162432,0.271484375,False,False,250,0.32026735543640117,0.3869485491728836,0.8625493420775415,0.9024582662654812,0.2868525896414343,0.7348833915629748,False,False,H1:IMC-WFS_A_DC_YAW_OUT_DQ,H1:LSC-POP_A_LF_OUT_DQ
W7_H1_AUX_AR1.gwf,1374550474.0,1374550481.0,0.4686759932098696,0.5,0.25846508452983463,0.271484375,False,False,250,0.21497353688897516,0.37322999621633035,0.7284697342125309,0.7829901081272606,0.350597609561753,0.679748302368077,False,False,H1:IMC-WFS_A_DC_YAW_OUT_DQ,H1:LSC-POP_A_LF_OUT_DQ
W7_H1_AUX_AR1.gwf,1374550475.0,1374550482.0,0.6198529886098698,0.48046875,0.5813083710189575,0.271484375,False,False,250,0.17820123530809412,0.2952812721501787,0.6360684363909881,0.7016716781847138,0.08366533864541832,1.4956984914273659,False,False,H1:IMC-WFS_A_DC_YAW_OUT_DQ,H1:LSC-POP_A_LF_OUT_DQ
W7_H1_AUX_AR1.gwf,1374550476.0,1374550483.0,0.5395238873225608,0.4462890625,0.4795558029436661,0.271484375,False,False,250,0.2170189510413581,0.2442864776409695,0.6127827919365825,0.6962479441459153,0.11155378486055777,1.320191520200278,False,False,H1:IMC-WFS_A_DC_YAW_OUT_DQ,H1:LSC-POP_A_LF_OUT_DQ
W7_H1_AUX_AR1.gwf,1374550477.0,1374550484.0,-0.05885838960073833,-0.5,-0.2661732131594491,0.146484375,False,False,250,0.16900471740416628,0.3011850021763924,0.5740803083118678,0.6494695192454113,0.6812749003984063,-0.7565552911278565,False,False,H1:IMC-WFS_A_DC_YAW_OUT_DQ,H1:LSC-POP_A_LF_OUT_DQ
W7_H1_AUX_AR1.gwf,1374550478.0,1374550485.0,0.483480050436217,-0.5,-0.2753680321504921,0.146484375,False,False,250,0.23334657803110911,0.25988701927540186,0.6267805209098425,0.7066474003527443,0.19123505976095617,0.9624700498797972,False,False,H1:IMC-WFS_A_DC_YAW_OUT_DQ,H1:LSC-POP_A_LF_OUT_DQ
W7_H1_AUX_AR1.gwf,1374550479.0,1374550486.0,0.5151613372158909,-0.5,0.0024631358459206495,0.146484375,False,False,250,0.2771386092623372,0.3069897901995026,0.6824022161448801,0.7521312017631406,0.28286852589641437,0.7753441174668072,False,False,H1:IMC-WFS_A_DC_YAW_OUT_DQ,H1:LSC-POP_A_LF_OUT_DQ
W7_H1_AUX_AR1.gwf,1374550480.0,1374550487.0,0.689877445011705,-0.5,0.23160572651191458,0.146484375,False,False,250,0.2206187261072489,0.32527735857999807,0.7091321734556579,0.8347524248091354,0.07569721115537849,1.4426418148284599,False,False,H1:IMC-WFS_A_DC_YAW_OUT_DQ,H1:LSC-POP_A_LF_OUT_DQ
W7_H1_AUX_AR1.gwf,1374550481.0,1374550488.0,0.7619478160105341,-0.5,0.46164669746931125,0.146484375,False,False,250,0.162731011015556,0.4804732121841284,0.762051455739401,0.8206375694976676,0.055776892430278883,1.2471388410418693,False,False,H1:IMC-WFS_A_DC_YAW_OUT_DQ,H1:LSC-POP_A_LF_OUT_DQ
W7_H1_AUX_AR1.gwf,1374550482.0,1374550489.0,0.8039908640005902,-0.5,0.36481627675063105,0.146484375,False,True,250,0.19806635729739408,0.3335475828667578,0.6687074596120921,0.7392528855957279,0.00796812749003984,1.8166058992106222,True,False,H1:IMC-WFS_A_DC_YAW_OUT_DQ,H1:LSC-POP_A_LF_OUT_DQ
W7_H1_AUX_AR1.gwf,1374550483.0,1374550490.0,0.8685142701126374,-0.2197265625,0.8027469465772143,0.146484375,True,True,250,0.23967971740790847,0.3477032361875153,0.7155609098975448,0.7608168064022928,0.00398406374501992,1.8085381073807443,True,False,H1:IMC-WFS_A_DC_YAW_OUT_DQ,H1:LSC-POP_A_LF_OUT_DQ
W7_H1_AUX_AR1.gwf,1374550484.0,1374550491.0,0.8364618999342446,0.271484375,0.8364618999342446,0.271484375,True,True,250,0.2176660260386613,0.47538884286941324,0.8237301800233481,0.8592114828532654,0.0398406374501992,1.301662593006128,True,False,H1:IMC-WFS_A_DC_YAW_OUT_DQ,H1:LSC-POP_A_LF_OUT_DQ
W7_H1_AUX_AR1.gwf,1374550485.0,1374550492.0,0.7035427293746128,0.3837890625,0.6924078059826163,0.271484375,False,False,250,0.24051651850182681,0.3642516942275274,0.7841740516977812,0.8787506077002988,0.1394422310756972,1.2711710561970915,False,False,H1:IMC-WFS_A_DC_YAW_OUT_DQ,H1:LSC-POP_A_LF_OUT_DQ
W7_H1_AUX_AR1.gwf,1374550486.0,1374550493.0,0.7519389730138991,0.3623046875,0.746372709810176,0.271484375,True,False,250,0.28634005846906496,0.35241911184223385,0.8106965129010764,0.8790443058146383,0.09561752988047809,1.321151149013925,False,False,H1:IMC-WFS_A_DC_YAW_OUT_DQ,H1:LSC-POP_A_LF_OUT_DQ
W7_H1_AUX_AR1.gwf,1374550487.0,1374550494.0,0.7164011344695931,0.3349609375,0.7146412606649444,0.271484375,True,False,250,0.2136143438609742,0.40448221480840957,0.7770479556441937,0.8467469515531963,0.099601593625498,1.243038067438325,False,False,H1:IMC-WFS_A_DC_YAW_OUT_DQ,H1:LSC-POP_A_LF_OUT_DQ
W7_H1_AUX_AR1.gwf,1374550488.0,1374550495.0,0.6592816173827993,0.26953125,0.6592816173827993,0.26953125,False,False,250,0.22308085628969548,0.265786709788064,0.6619369053004533,0.7551342710230683,0.05976095617529881,1.6411684445807184,False,False,H1:IMC-WFS_A_DC_YAW_OUT_DQ,H1:LSC-POP_A_LF_OUT_DQ
W7_H1_AUX_AR1.gwf,1374550489.0,1374550496.0,0.5458823197272428,0.4296875,0.5188358976812069,0.271484375,False,False,250,0.20034839238305704,0.33018683155983275,0.6783543351607824,0.7267919430366946,0.1952191235059761,1.0464800358992268,False,False,H1:IMC-WFS_A_DC_YAW_OUT_DQ,H1:LSC-POP_A_LF_OUT_DQ
W7_H1_AUX_AR1.gwf,1374550490.0,1374550497.0,0.4402782647940027,0.5,0.3643578322566869,0.146484375,False,False,250,0.14824748096797782,0.31477304890836766,0.6369733019626976,0.7575887920121691,0.23904382470119523,0.9277502786175217,False,False,H1:IMC-WFS_A_DC_YAW_OUT_DQ,H1:LSC-POP_A_LF_OUT_DQ
W7_H1_AUX_AR1.gwf,1374550491.0,1374550498.0,-0.0323216415927603,0.5,-0.330358625631618,0.271484375,False,False,250,0.1815157376973204,0.2958023681202271,0.6515971370105108,0.7980691302150763,0.7689243027888446,-0.7229062453048645,False,False,H1:IMC-WFS_A_DC_YAW_OUT_DQ,H1:LSC-POP_A_LF_OUT_DQ
W7_H1_AUX_AR1.gwf,1374550492.0,1374550499.0,0.3954133109734112,0.5,0.30758602348435643,0.271484375,False,False,250,0.14797887558244535,0.24898887237697725,0.5289611084778527,0.6223688062022368,0.18725099601593626,0.9937570021857928,False,False,H1:IMC-WFS_A_DC_YAW_OUT_DQ,H1:LSC-POP_A_LF_OUT_DQ
W7_H1_AUX_AR1.gwf,1374550493.0,1374550500.0,0.5821767280371061,0.5,0.5085355563364395,0.271484375,False,False,250,0.19278886719106125,0.39865809512714345,0.7529407497969023,0.8184402178665292,0.2350597609561753,0.9767464040128369,False,False,H1:IMC-WFS_A_DC_YAW_OUT_DQ,H1:LSC-POP_A_LF_OUT_DQ
W7_H1_AUX_AR1.gwf,1374550494.0,1374550501.0,0.42253426981898023,0.5,0.3090642009391507,0.271484375,False,False,250,0.27420194483232735,0.33023181364280196,0.743905605851188,0.8205803923396241,0.3944223107569721,0.44917636296270896,False,False,H1:IMC-WFS_A_DC_YAW_OUT_DQ,H1:LSC-POP_A_LF_OUT_DQ
W7_H1_AUX_AR1.gwf,1374550495.0,1374550502.0,0.40349177402248076,0.5,0.22642338483387112,0.271484375,False,False,250,0.2674288202597113,0.31843251670966594,0.7286869760310165,0.8275591183476778,0.398406374501992,0.4272897603821855,False,False,H1:IMC-WFS_A_DC_YAW_OUT_DQ,H1:LSC-POP_A_LF_OUT_DQ
W7_H1_AUX_AR1.gwf,1374550496.0,1374550503.0,0.3872606751473545,0.5,0.1520239094733219,0.271484375,False,False,250,0.1893620282061843,0.23802177391673318,0.5217352730255944,0.6337475174979903,0.26693227091633465,0.8314308547687776,False,False,H1:IMC-WFS_A_DC_YAW_OUT_DQ,H1:LSC-POP_A_LF_OUT_DQ
W7_H1_AUX_AR1.gwf,1374550497.0,1374550504.0,-0.2760096512973139,0.5,-0.4298886378587571,0.271484375,False,False,250,0.22589419663605276,0.3913292160528732,0.7650199749700319,0.8397942113744514,0.8605577689243028,-1.282561657409074,False,False,H1:IMC-WFS_A_DC_YAW_OUT_DQ,H1:LSC-POP_A_LF_OUT_DQ
W7_H1_AUX_AR1.gwf,1374550498.0,1374550505.0,-0.05462796667089568,0.5,-0.1816624761242407,0.271484375,False,False,250,0.16050219014735,0.3700952029849948,0.6442580348322786,0.671133589688047,0.6613545816733067,-0.5812832889567822,False,False,H1:IMC-WFS_A_DC_YAW_OUT_DQ,H1:LSC-POP_A_LF_OUT_DQ
W7_H1_AUX_AR1.gwf,1374550499.0,1374550506.0,0.19289864565926074,0.5,0.11117381221667073,0.271484375,False,False,250,0.11131360124646746,0.2930278463232597,0.5601932279506802,0.6222616002347737,0.4342629482071713,0.2784207898207431,False,False,H1:IMC-WFS_A_DC_YAW_OUT_DQ,H1:LSC-POP_A_LF_OUT_DQ
W7_H1_AUX_AR1.gwf,1374550500.0,1374550507.0,0.3238774862008471,0.5,0.10112237639115294,0.271484375,False,False,250,0.18765724231614847,0.34625135113200917,0.6814491218641885,0.7959732539592465,0.3904382470119522,0.3934143316389958,False,False,H1:IMC-WFS_A_DC_YAW_OUT_DQ,H1:LSC-POP_A_LF_OUT_DQ
W7_H1_AUX_AR1.gwf,1374550501.0,1374550508.0,0.020621538992635854,0.5,-0.13000735761751794,0.271484375,False,False,250,0.20551486033948277,0.39949762146112744,0.7224322711478631,0.7732524365377667,0.6613545816733067,-0.46281457364030315,False,False,H1:IMC-WFS_A_DC_YAW_OUT_DQ,H1:LSC-POP_A_LF_OUT_DQ
W7_H1_AUX_AR1.gwf,1374550502.0,1374550509.0,0.3233602706796467,0.5,0.13587610832301197,0.271484375,False,False,250,0.11105756640355306,0.24043910924506448,0.48422578676849615,0.5665407790227711,0.23904382470119523,0.8829790833225338,False,False,H1:IMC-WFS_A_DC_YAW_OUT_DQ,H1:LSC-POP_A_LF_OUT_DQ
W7_H1_AUX_AR1.gwf,1374550503.0,1374550510.0,0.6120804524079089,0.294921875,0.6116422523642349,0.271484375,False,False,250,0.22486577600939756,0.4115140450457191,0.8192565968703153,0.8713995369769614,0.2350597609561753,0.9409513018091323,False,False,H1:IMC-WFS_A_DC_YAW_OUT_DQ,H1:LSC-POP_A_LF_OUT_DQ
W7_H1_AUX_AR1.gwf,1374550504.0,1374550511.0,0.02242327715609524,-0.3798828125,-0.07185793914644206,0.146484375,False,False,250,0.1963894884809095,0.3031527493658457,0.650813747198643,0.7192121720182771,0.7051792828685259,-0.573856617460102,False,False,H1:IMC-WFS_A_DC_YAW_OUT_DQ,H1:LSC-POP_A_LF_OUT_DQ
W7_H1_AUX_AR1.gwf,1374550505.0,1374550512.0,0.12398833778568916,-0.5,-0.490404508004987,0.146484375,False,False,250,0.27490058607030776,0.2812336543966823,0.6954312311357987,0.745194790569738,0.7131474103585658,-0.5366080692169071,False,False,H1:IMC-WFS_A_DC_YAW_OUT_DQ,H1:LSC-POP_A_LF_OUT_DQ
W7_H1_AUX_AR1.gwf,1374550506.0,1374550513.0,0.1788879384136165,0.185546875,0.1788879384136165,0.185546875,False,False,250,0.22741521816682722,0.16775255507333697,0.5218801357849491,0.5890313548054898,0.5896414342629482,-0.28927893069644084,False,False,H1:IMC-WFS_A_DC_YAW_OUT_DQ,H1:LSC-POP_A_LF_OUT_DQ
W7_H1_AUX_AR1.gwf,1374550507.0,1374550514.0,0.5857024645354587,0.3818359375,0.559238312577889,0.271484375,False,False,250,0.2810353645780625,0.19324245678817287,0.5769110940940254,0.6432775103606866,0.04780876494023904,1.576605395217905,True,False,H1:IMC-WFS_A_DC_YAW_OUT_DQ,H1:LSC-POP_A_LF_OUT_DQ
W7_H1_AUX_AR1.gwf,1374550508.0,1374550515.0,0.6161802580154873,0.46875,0.5505981521007856,0.271484375,False,False,250,0.18937400026800033,0.27518832709894986,0.6209225871234119,0.7425086733337287,0.055776892430278883,1.5509606175774293,False,False,H1:IMC-WFS_A_DC_YAW_OUT_DQ,H1:LSC-POP_A_LF_OUT_DQ
W7_H1_AUX_AR1.gwf,1374550509.0,1374550516.0,0.6577321010777344,0.1640625,0.6577321010777344,0.1640625,False,False,250,0.25603815051447465,0.271515376796485,0.7004465931025617,0.7989725379001242,0.0796812749003984,1.479451938607331,False,False,H1:IMC-WFS_A_DC_YAW_OUT_DQ,H1:LSC-POP_A_LF_OUT_DQ
W7_H1_AUX_AR1.gwf,1374550510.0,1374550517.0,0.6792281114658044,0.1650390625,0.6792281114658044,0.1650390625,False,False,250,0.29416419309714514,0.29983790999382204,0.6779852416366215,0.7330056514919723,0.055776892430278883,1.2842402696063124,False,False,H1:IMC-WFS_A_DC_YAW_OUT_DQ,H1:LSC-POP_A_LF_OUT_DQ
W7_H1_AUX_AR1.gwf,1374550511.0,1374550518.0,-0.004793125576704667,0.08203125,-0.007176093232506558,0.146484375,False,False,250,0.24985899281073393,0.3241116583969411,0.7125499754577042,0.8209655185516301,0.7848605577689243,-0.785692559307956,False,False,H1:IMC-WFS_A_DC_YAW_OUT_DQ,H1:LSC-POP_A_LF_OUT_DQ
W7_H1_AUX_AR1.gwf,1374550512.0,1374550519.0,-0.015453647735345586,-0.5,-0.03375856106797063,0.146484375,False,False,250,0.22117283859353978,0.2872864389927156,0.6821646769551445,0.7554805525260774,0.7689243027888446,-0.8236604803155544,False,False,H1:IMC-WFS_A_DC_YAW_OUT_DQ,H1:LSC-POP_A_LF_OUT_DQ
W7_H1_AUX_AR1.gwf,1374550513.0,1374550520.0,0.3827501442863735,-0.5,0.0015073377441633185,0.146484375,False,False,250,0.3828215685285588,0.3669817681434442,0.8239365320440357,0.8731919352752199,0.6055776892430279,-0.0001946261323734098,False,False,H1:IMC-WFS_A_DC_YAW_OUT_DQ,H1:LSC-POP_A_LF_OUT_DQ
W7_H1_AUX_AR1.gwf,1374550514.0,1374550521.0,0.38133514930858486,-0.5,-0.1203050578244686,0.146484375,False,False,250,0.34778373787728806,0.3160668473185201,0.7543571875108107,0.8302306021973108,0.5298804780876494,0.10615289681895987,False,False,H1:IMC-WFS_A_DC_YAW_OUT_DQ,H1:LSC-POP_A_LF_OUT_DQ
W7_H1_AUX_AR1.gwf,1374550515.0,1374550522.0,0.34903511371439283,-0.5,-0.3614515070131198,0.146484375,False,False,250,0.30543284666828807,0.26960241234142257,0.7190970262622141,0.8006395365293754,0.46613545816733065,0.16172803005518793,False,False,H1:IMC-WFS_A_DC_YAW_OUT_DQ,H1:LSC-POP_A_LF_OUT_DQ
W7_H1_AUX_AR1.gwf,1374550516.0,1374550523.0,0.3781340226658135,-0.5,-0.3532040746743944,0.146484375,False,False,250,0.37903252208241545,0.23985918265296366,0.7179015106443913,0.7649513543458667,0.5378486055776892,-0.003745945461266544,False,False,H1:IMC-WFS_A_DC_YAW_OUT_DQ,H1:LSC-POP_A_LF_OUT_DQ
W7_H1_AUX_AR1.gwf,1374550517.0,1374550524.0,0.5342574462531393,-0.5,-0.17580707434648576,0.146484375,False,False,250,0.2947860904039439,0.25554725391492367,0.690635220619154,0.7542731175243448,0.22310756972111553,0.9370922683791383,False,False,H1:IMC-WFS_A_DC_YAW_OUT_DQ,H1:LSC-POP_A_LF_OUT_DQ
W7_H1_AUX_AR1.gwf,1374550518.0,1374550525.0,0.44368601771811683,-0.361328125,0.15956323810438203,0.146484375,False,False,250,0.32167111037157603,0.2526576172243893,0.6899589994960228,0.7819259454309772,0.36254980079681276,0.4829259006197997,False,False,H1:IMC-WFS_A_DC_YAW_OUT_DQ,H1:LSC-POP_A_LF_OUT_DQ
W7_H1_AUX_AR1.gwf,1374550519.0,1374550526.0,0.397424699798733,-0.3447265625,-0.009906002899858893,0.146484375,False,False,250,0.17517620115574817,0.15024746382623513,0.4234287578887261,0.49953605272766594,0.09163346613545817,1.479216307438112,False,False,H1:IMC-WFS_A_DC_YAW_OUT_DQ,H1:LSC-POP_A_LF_OUT_DQ
W7_H1_AUX_AR1.gwf,1374550520.0,1374550527.0,0.2885488892243903,-0.4326171875,0.07055055077914493,0.271484375,False,False,250,0.222395776178943,0.20860327282276891,0.5316655004757335,0.5996454326839277,0.41434262948207173,0.3171240419686587,False,False,H1:IMC-WFS_A_DC_YAW_OUT_DQ,H1:LSC-POP_A_LF_OUT_DQ
W7_H1_AUX_AR1.gwf,1374550521.0,1374550528.0,0.05387776019229327,-0.5,-0.14963929719285687,0.271484375,False,False,250,0.19928594854367185,0.27643293029459914,0.6205542969568995,0.722494140215895,0.701195219123506,-0.5260161594945099,False,False,H1:IMC-WFS_A_DC_YAW_OUT_DQ,H1:LSC-POP_A_LF_OUT_DQ
