control_id,file,start,end,duration,r_frozen,r_lag_local,lag_local,maximum_coherence,coherence_frequency,wfs_bp_0_2,wfs_bp_2_5,wfs_bp_5_10,wfs_bp_10_20,wfs_bp_20_50,wfs_bp_50_100,wfs_bp_100_300,wfs_bp_300_1000,lsc_bp_0_2,lsc_bp_2_5,lsc_bp_5_10,lsc_bp_10_20,lsc_bp_20_50,lsc_bp_50_100,lsc_bp_100_300,lsc_bp_300_1000
CONTROL_W1_H1_AUX_AR1.gwf_C01,CONTROL_W1_H1_AUX_AR1.gwf,1370345538.0,1370345545.0,7.0,-0.2890395418406197,-0.29005016141604045,0.162109,0.9981410924180509,143.75,0.0003292823540543786,6.156125201321462e-07,1.446576765637645e-09,2.2645731304240374e-09,4.013372622551113e-09,1.311095778574982e-08,1.306652366406825e-07,6.903878030103989e-09,430.5719880167243,4.49299937144646,5.768293165248015e-05,3.4014087497627206e-06,3.2952749515257088e-06,3.861439963652222e-06,9.945380706793626e-06,8.336758711386028e-06
CONTROL_W1_H1_AUX_AR1.gwf_C02,CONTROL_W1_H1_AUX_AR1.gwf,1370345592.0,1370345599.0,7.0,-0.4043948137134847,-0.41248086510735216,0.271484,0.9998623909507788,5.75,0.00012076492703143339,4.963003660162504e-07,2.141456430967383e-09,2.6534787815282168e-09,3.5977850468520884e-09,1.1012838038275954e-08,1.3200420267610783e-07,6.932244084061047e-09,382.06763553519454,2.306176970117149,0.0001086279616799197,2.7981217099656097e-06,4.4875166580313045e-06,3.5337641312662965e-06,9.765170439734956e-06,8.09633752406971e-06
CONTROL_W1_H1_AUX_AR1.gwf_C03,CONTROL_W1_H1_AUX_AR1.gwf,1370345586.0,1370345593.0,7.0,-0.31335042327506313,-0.3208503382410724,0.271484,0.9990192960657394,402.75,0.0003526756423279335,1.0221253262429372e-06,1.5626549558591539e-09,2.1349641295146677e-09,3.1041252878136976e-09,1.3123101755329327e-08,1.2410887066297456e-07,6.135494472748089e-09,116.7440226472544,1.274266941504425,0.00016947421000305615,4.406046555897889e-06,4.421576962931359e-06,3.5136278123116173e-06,1.040610034800237e-05,8.039661898458137e-06
CONTROL_W1_H1_AUX_AR1.gwf_C04,CONTROL_W1_H1_AUX_AR1.gwf,1370345543.0,1370345550.0,7.0,-0.4788186875933726,-0.4883021497312914,0.146484,0.9997712945517566,476.0,0.0001888664655866402,3.022310086131459e-07,2.699208572946051e-09,2.2004055528325924e-09,3.9836282070671285e-09,1.3763155295912496e-08,1.3752979397891934e-07,6.526026302466016e-09,850.4427949342119,1.4456437153053938,0.0001266644194951983,3.4172424174217594e-06,3.5429866007235913e-06,3.8032922479352383e-06,1.017660567100046e-05,8.705249581455341e-06
CONTROL_W1_H1_AUX_AR1.gwf_C05,CONTROL_W1_H1_AUX_AR1.gwf,1370345539.0,1370345546.0,7.0,-0.34425533494471394,-0.35305339496198745,0.148437125,0.9996223851195913,198.5,0.00038984794479796965,6.360293229211114e-07,1.7739694512943227e-09,2.141781169224655e-09,3.6495152419346145e-09,1.2558842494215704e-08,1.4638703938855533e-07,6.705917422929072e-09,597.5905796320494,4.973055518260744,6.879234860954838e-05,3.569716306241946e-06,3.3580380442062697e-06,3.894496417890302e-06,9.709058844619003e-06,8.520010051096728e-06
W0_H1_AUX_AR1.gwf_C01,W0_H1_AUX_AR1.gwf,1369599142.0,1369599149.0,7.0,-0.2456294392517096,-0.264281140976726,0.146484,0.9998411876089047,59.0,0.00024117871319352465,5.357510404769079e-07,2.1818471034588865e-09,2.5995349628001e-09,3.7139479314248675e-09,1.3701634719543628e-08,1.6333200494263082e-07,6.3944391769053095e-09,192.19945813554568,0.2327352138583142,1.6934048427999547e-05,4.805888716829401e-06,4.1641110993859525e-06,3.6178142101519107e-06,1.2721320164879928e-05,7.557067745973616e-06
W0_H1_AUX_AR1.gwf_C02,W0_H1_AUX_AR1.gwf,1369599137.0,1369599144.0,7.0,0.2640036363235704,0.30342958098535705,0.271484,0.9999757803316941,365.5,0.00021768998822186962,4.0584858469118793e-07,6.404383651319135e-09,2.7675225376057296e-09,3.8301638784991485e-09,1.6878278806508608e-08,1.4827671306374944e-07,6.0789622789640896e-09,881.767259419506,0.2962458340444648,2.7236781890136087e-05,5.338819507174916e-06,4.686710559575662e-06,3.857606394145138e-06,9.753115277242002e-06,7.636861979047518e-06
W0_H1_AUX_AR1.gwf_C03,W0_H1_AUX_AR1.gwf,1369599104.0,1369599111.0,7.0,-0.49524488526502297,-0.49732942096538246,0.146484,0.9998114720458999,446.25,0.0003030356236573003,6.721189943097267e-07,2.0415467398034083e-09,2.0156583925442302e-09,3.914822276143794e-09,1.5109982271870784e-08,1.7675228295202047e-07,7.11454899086868e-09,97.47566056278751,0.2152024751206002,4.668838708164415e-05,4.140724835168787e-06,3.970614626976185e-06,3.3080231197428932e-06,9.856770621511182e-06,7.509033174339201e-06
W0_H1_AUX_AR1.gwf_C04,W0_H1_AUX_AR1.gwf,1369599145.0,1369599152.0,7.0,-0.3313503634061739,-0.3495992076989687,0.146484,0.9991549385867428,195.75,0.00017437028047562387,8.262838336472246e-07,2.031642056274677e-09,1.9401641274319955e-09,4.140059912626861e-09,1.416917262894715e-08,1.5698961974286748e-07,6.786701572140111e-09,96.41802728284054,0.2759348593742226,3.023697453499796e-05,4.508844354787502e-06,4.338919020870991e-06,4.331912806746447e-06,1.3451300913745192e-05,7.69757535529965e-06
W0_H1_AUX_AR1.gwf_C05,W0_H1_AUX_AR1.gwf,1369599152.0,1369599159.0,7.0,-0.40110147217597925,-0.4304950779830666,0.271484,0.9997390194158008,146.0,0.0005931952238147009,3.332916911439448e-07,1.3869416364003375e-09,2.3250273779340007e-09,3.3744118964072567e-09,1.454843658415103e-08,1.397779128579612e-07,6.156113958291418e-09,436.4748034538508,0.21503121275091014,2.6538985073707516e-05,3.580344863541124e-06,3.6092909821536323e-06,4.3035374825051575e-06,1.2723940075235995e-05,7.75782708952854e-06
W10_H1_AUX_AR1.gwf_C01,W10_H1_AUX_AR1.gwf,1376516114.0,1376516121.0,7.0,0.02565359840779686,0.028126447546776172,0.146484,0.9989882263211085,143.25,0.00013725845706723814,4.947686701858394e-07,2.106148565877651e-09,2.2593902887594407e-09,3.1983116294081514e-09,1.2800577117616441e-08,1.4300564761938969e-07,3.2564278136947975e-09,63.125577578163465,0.15114923573551994,9.138768435636494e-06,1.5646911605732456e-06,2.0831676590749323e-06,2.270326589057498e-06,7.369113078536791e-06,5.532143189706098e-06
W10_H1_AUX_AR1.gwf_C02,W10_H1_AUX_AR1.gwf,1376516104.0,1376516111.0,7.0,-0.004271851136136325,-0.011396851271494906,0.271484,0.9996581032891431,380.0,0.0022105758318567968,1.009327646973386e-06,2.250568849334986e-09,2.392252612113396e-09,2.8549001950154748e-09,1.4947247480434147e-08,1.1868440068583383e-07,3.314089843380132e-09,71.97957625441369,0.11692423166562563,1.934177766348073e-05,1.8207699661710097e-06,2.88213850217935e-06,2.4568258493889753e-06,6.169396097202527e-06,5.606539131517926e-06
W10_H1_AUX_AR1.gwf_C03,W10_H1_AUX_AR1.gwf,1376516105.0,1376516112.0,7.0,0.02330198734411844,0.03340806977127914,0.146484,0.9997227115932179,405.5,0.0018886973672854915,1.3005374482438184e-06,2.6117961832300898e-09,2.6246094869924777e-09,3.2408330977695815e-09,1.2323961447462859e-08,1.301035030765633e-07,3.1791986260583465e-09,33.97822941494314,0.09939098497900409,1.4127545834347636e-05,1.7055109085779814e-06,2.8543085521928576e-06,2.3053293505113743e-06,6.136636390139476e-06,5.426253903629737e-06
W10_H1_AUX_AR1.gwf_C04,W10_H1_AUX_AR1.gwf,1376516112.0,1376516119.0,7.0,0.004266933336938461,0.018750226479183688,0.269530875,0.9999357590871877,315.0,0.00012391448651993936,5.613693991005662e-07,2.254338371584138e-09,1.7257626552833898e-09,3.1978667597360623e-09,1.4203117602094869e-08,1.5982034417266146e-07,3.571985877596216e-09,156.64291344738285,0.10216778328379264,2.262435087458415e-05,1.8698149912129902e-06,2.4896921511179422e-06,2.262122301317341e-06,6.613004737547616e-06,5.636518224960965e-06
W10_H1_AUX_AR1.gwf_C05,W10_H1_AUX_AR1.gwf,1376516113.0,1376516120.0,7.0,-0.06432554256948114,-0.0686301595387951,0.146484,0.9995947305892102,82.0,0.0001398880267772304,6.759071540475825e-07,2.400778144776798e-09,2.3756502796031073e-09,3.405256708472536e-09,1.5493055858045616e-08,1.6548738154144838e-07,3.3709830643899818e-09,81.5554327526331,0.1009284983206685,2.1526969756138083e-05,2.0121904944960594e-06,2.6440346282171626e-06,2.157397552543759e-06,6.574013554602029e-06,5.55551886962848e-06
W7_H1_AUX_AR1.gwf_C01,W7_H1_AUX_AR1.gwf,1374550509.0,1374550516.0,7.0,0.06675951970957822,0.06992795100928109,0.1474605625,0.9998574913871494,106.25,0.0006481334325550653,6.475763912077256e-07,1.6986700664713499e-09,3.4087652009093644e-09,4.6994471536633446e-09,1.3225193169484968e-08,1.0806548050816148e-07,3.737422183910324e-09,65.72269185424763,0.15944780519013696,3.6512291147861705e-05,2.4699665092279023e-06,4.0396780285360134e-06,2.2056536903899336e-06,7.125927372527329e-06,5.0586835458970895e-06
W7_H1_AUX_AR1.gwf_C02,W7_H1_AUX_AR1.gwf,1374550516.0,1374550523.0,7.0,-0.10659700922416845,-0.12008256041747412,0.271484,0.9999624553146368,420.0,0.0009607148282865048,1.853233316641211e-06,1.723100326579252e-08,2.1990619499121785e-09,4.502208040089993e-09,1.104997057889494e-08,9.441769825519496e-08,3.215646621585523e-09,93.81754511665262,0.10861860410907612,1.7516621881282713e-05,2.3834900374533154e-06,4.19918809628455e-06,2.4231475402842475e-06,6.6925930290256356e-06,5.228485648177543e-06
W7_H1_AUX_AR1.gwf_C03,W7_H1_AUX_AR1.gwf,1374550466.0,1374550473.0,7.0,0.1204137657774232,0.12114360176708287,0.2587886875,0.999950434537226,320.25,2.494222370995996e-05,2.903529246615333e-07,2.4568509968066314e-09,2.4281467108353368e-09,4.4712245868893945e-09,1.314291489541037e-08,1.0544873265833031e-07,3.5875597769093855e-09,11.93700714786775,0.07033871319244712,7.367673661799079e-06,4.577365998972315e-06,3.818526406130188e-06,3.431678083485143e-06,7.322000306670485e-06,5.147149021980405e-06
W7_H1_AUX_AR1.gwf_C04,W7_H1_AUX_AR1.gwf,1374550512.0,1374550519.0,7.0,-0.00045981514390801856,-0.00599790619729417,0.271484,0.999505381129711,42.75,0.0008669548301974553,4.5231271763073283e-07,2.0685033383875955e-09,2.0638794622383604e-09,4.203658464420727e-09,1.3054907112455363e-08,9.507785526811073e-08,3.86636457970804e-09,109.26205423066799,0.19530681591176446,3.795649616718862e-05,2.0441613757916595e-06,2.7254634293245625e-06,2.611890924326148e-06,7.145388933003625e-06,4.818794821624859e-06
W7_H1_AUX_AR1.gwf_C05,W7_H1_AUX_AR1.gwf,1374550502.0,1374550509.0,7.0,0.04537069232959116,0.06333308506191072,0.271484,0.9995126730792682,291.75,0.0003551008958033564,4.107686482792173e-07,1.4273769825983475e-09,2.2444736864269333e-09,3.862448978369322e-09,1.209558561294834e-08,7.217606560015722e-08,3.729303233065201e-09,127.88478349261796,0.07424567030975245,3.959504332865226e-05,3.1728359938509076e-06,3.4187526739990363e-06,2.443481901353776e-06,6.083835454041777e-06,4.92947430786706e-06
