control_id,file,start,end,duration
CONTROL_W1_H1_AUX_AR1.gwf_C01,CONTROL_W1_H1_AUX_AR1.gwf,1370345538.0,1370345545.0,7.0
CONTROL_W1_H1_AUX_AR1.gwf_C02,CONTROL_W1_H1_AUX_AR1.gwf,1370345592.0,1370345599.0,7.0
CONTROL_W1_H1_AUX_AR1.gwf_C03,CONTROL_W1_H1_AUX_AR1.gwf,1370345586.0,1370345593.0,7.0
CONTROL_W1_H1_AUX_AR1.gwf_C04,CONTROL_W1_H1_AUX_AR1.gwf,1370345543.0,1370345550.0,7.0
CONTROL_W1_H1_AUX_AR1.gwf_C05,CONTROL_W1_H1_AUX_AR1.gwf,1370345539.0,1370345546.0,7.0
W0_H1_AUX_AR1.gwf_C01,W0_H1_AUX_AR1.gwf,1369599142.0,1369599149.0,7.0
W0_H1_AUX_AR1.gwf_C02,W0_H1_AUX_AR1.gwf,1369599137.0,1369599144.0,7.0
W0_H1_AUX_AR1.gwf_C03,W0_H1_AUX_AR1.gwf,1369599104.0,1369599111.0,7.0
W0_H1_AUX_AR1.gwf_C04,W0_H1_AUX_AR1.gwf,1369599145.0,1369599152.0,7.0
W0_H1_AUX_AR1.gwf_C05,W0_H1_AUX_AR1.gwf,1369599152.0,1369599159.0,7.0
W10_H1_AUX_AR1.gwf_C01,W10_H1_AUX_AR1.gwf,1376516114.0,1376516121.0,7.0
W10_H1_AUX_AR1.gwf_C02,W10_H1_AUX_AR1.gwf,1376516104.0,1376516111.0,7.0
W10_H1_AUX_AR1.gwf_C03,W10_H1_AUX_AR1.gwf,1376516105.0,1376516112.0,7.0
W10_H1_AUX_AR1.gwf_C04,W10_H1_AUX_AR1.gwf,1376516112.0,1376516119.0,7.0
W10_H1_AUX_AR1.gwf_C05,W10_H1_AUX_AR1.gwf,1376516113.0,1376516120.0,7.0
W7_H1_AUX_AR1.gwf_C01,W7_H1_AUX_AR1.gwf,1374550509.0,1374550516.0,7.0
W7_H1_AUX_AR1.gwf_C02,W7_H1_AUX_AR1.gwf,1374550516.0,1374550523.0,7.0
W7_H1_AUX_AR1.gwf_C03,W7_H1_AUX_AR1.gwf,1374550466.0,1374550473.0,7.0
W7_H1_AUX_AR1.gwf_C04,W7_H1_AUX_AR1.gwf,1374550512.0,1374550519.0,7.0
W7_H1_AUX_AR1.gwf_C05,W7_H1_AUX_AR1.gwf,1374550502.0,1374550509.0,7.0
