window,gps_start,gps_end,mean,std,rms,min,max,mean_score,rms_score
0,1376516096.0,1376516096.25,0.08039860106873675,0.0033035600913879086,0.08046644370846327,0.07008575648069382,0.0835985615849495,0.9925034530999683,1.4835575497227935
1,1376516096.25,1376516096.5,0.05247406607577432,0.007184074305759697,0.05296355854883059,0.04488859325647354,0.07041265815496445,0.3138578287755939,0.9764876329067659
2,1376516096.5,1376516096.75,0.046964813853264786,0.007139559678208638,0.047504389825262616,0.0353068932890892,0.05554535239934921,0.1799673301496475,0.8758370933551095
3,1376516096.75,1376516097.0,0.04384425761691091,0.005973488923326426,0.04424931068271182,0.03526179492473602,0.05462700128555298,0.10412893800476791,0.8158232911498988
4,1376516097.0,1376516097.25,0.055933959224603313,0.0010281893474936015,0.05594340861865574,0.05366203561425209,0.05784106254577637,0.39794307304821774,1.0314270444725104
5,1376516097.25,1376516097.5,0.05414958397886949,0.0009425679798345761,0.05415778687761575,0.052832070738077164,0.05696790665388107,0.35457767939080576,0.9985055868712918
6,1376516097.5,1376516097.75,0.059189198606873106,0.0016885585893160716,0.059213279438259644,0.05532010644674301,0.06176398694515228,0.47705464870963976,1.0917135604097299
7,1376516097.75,1376516098.0,0.051532464118281496,0.003222890218645163,0.051633147100127536,0.042965907603502274,0.0558265820145607,0.29097422306939985,0.951958874607069
8,1376516098.0,1376516098.25,0.030296812684355245,0.006041684414625246,0.03089334571387234,0.0238371342420578,0.04354890435934067,0.2251125060003473,0.5695797422844363
9,1376516098.25,1376516098.5,0.03809024370411862,0.008049184102874125,0.038931427281325176,0.025079285725951195,0.050841715186834335,0.035709965855302984,0.7177776250924228
10,1376516098.5,1376516098.75,0.05255466731705383,0.0005265862446506794,0.052557305390204895,0.050365060567855835,0.05354783311486244,0.3158166681877179,0.9689975548965891
11,1376516098.75,1376516099.0,0.05666722846126504,0.0018554161012057124,0.056697595631471184,0.05289338901638985,0.05933016538619995,0.4157636010905851,1.04533196912432
12,1376516099.0,1376516099.25,0.04819995378602471,0.005846333516795108,0.048553219878443896,0.04097083956003189,0.0583244152367115,0.20998474354639957,0.8951743434193817
13,1376516099.25,1376516099.5,0.06121174128657003,0.008744462604375036,0.06183318605387641,0.04329060763120651,0.07035093754529953,0.5262081884169808,1.1400167046775327
14,1376516099.5,1376516099.75,0.0536678654843854,0.007028644159923708,0.05412616395401503,0.044588565826416016,0.06716594845056534,0.3428705498532812,0.9979225559221159
15,1376516099.75,1376516100.0,0.04923781844172481,0.003613194787318782,0.04937021309931084,0.044445671141147614,0.05670570582151413,0.23520780661295765,0.9102372243549539
16,1376516100.0,1376516100.25,0.06385703169144108,0.0036902117167564646,0.06396356899795537,0.05646460875868797,0.06898769736289978,0.5904962690881691,1.179294514840735
17,1376516100.25,1376516100.5,0.0686665009088756,0.0005190672623526485,0.06866846276050936,0.0676485151052475,0.07043499499559402,0.7073800503420841,1.26603850824213
18,1376516100.5,1376516100.75,0.07479253840756428,0.0021616155877205077,0.07482376883982825,0.07000058889389038,0.07757394760847092,0.8562601854626817,1.3795237125580215
19,1376516100.75,1376516101.0,0.06503008474464878,0.007901279945749193,0.06550833646702761,0.050211720168590546,0.07639218866825104,0.6190047947220026,1.2077753490330787
20,1376516101.0,1376516101.25,0.03789908161843414,0.006263291015051898,0.03841313840159331,0.02814299985766411,0.05056537315249443,0.0403557482477113,0.708221947656877
21,1376516101.25,1376516101.5,0.02324640127744715,0.002531227954046227,0.023383803952895292,0.019068943336606026,0.028659917414188385,0.3964575562291403,0.4311265329588161
22,1376516101.5,1376516101.75,0.016385082235501613,0.0013846005080674017,0.016443480119217195,0.014449907466769218,0.01981731504201889,0.563207124165844,0.3031679784801467
23,1376516101.75,1376516102.0,0.017364117539727886,0.001119806752915832,0.01740018807649393,0.01507586520165205,0.01968395709991455,0.5394137816647175,0.3208067760643935
24,1376516102.0,1376516102.25,0.02245201061850821,0.0017831416293621863,0.022522707982921813,0.01913403905928135,0.026185356080532074,0.41576350867665407,0.41525053088373415
25,1376516102.25,1376516102.5,0.029399271888905787,0.0018158584416944677,0.029455297137833784,0.0256040096282959,0.03242231905460358,0.2469253001485006,0.5430664813084735
26,1376516102.5,1376516102.75,0.033445356680203986,0.000692221983115828,0.033452519407960506,0.03169654309749603,0.03473355993628502,0.14859393169592167,0.6167631553935351
27,1376516102.75,1376516103.0,0.03186135128180467,0.00126498339833173,0.03188645305612731,0.0290048997849226,0.03424984589219093,0.18708976816377326,0.5878896343013559
28,1376516103.0,1376516103.25,0.025752264343736897,0.0021259784456504737,0.025839870417265508,0.022053688764572144,0.029769131913781166,0.3355579564498716,0.47640896098606794
29,1376516103.25,1376516103.5,0.01962389823029298,0.0013072097830508092,0.019667388722700317,0.017628470435738564,0.02263585478067398,0.4844946835321538,0.36260709033703875
30,1376516103.5,1376516103.75,0.021576866086434165,0.002091010041345724,0.02167794900595814,0.018098030239343643,0.025759879499673843,0.4370320099245041,0.39967573348730406
31,1376516103.75,1376516104.0,0.030052788118609897,0.002848377831120088,0.030187469751055265,0.02507135644555092,0.035232070833444595,0.2310429970116559,0.5565655270968081
32,1376516104.0,1376516104.25,0.040725571972870966,0.0031097012116938915,0.0408441238630908,0.0346941202878952,0.045586008578538895,0.028336006573524804,0.7530419579426259
33,1376516104.25,1376516104.5,0.04785869610168447,0.001803133858261987,0.047892651672925765,0.04498782381415367,0.05188513174653053,0.20169121119920255,0.8829954660732691
34,1376516104.5,1376516104.75,0.05476474773422524,0.001614506073354742,0.05478854099402746,0.05131438001990318,0.05778299644589424,0.36952790831745913,1.010134782698706
35,1376516104.75,1376516105.0,0.06145482323881879,0.0022424244687415016,0.061495721532578776,0.057179562747478485,0.06519543379545212,0.5321157712393061,1.1337948808307057
36,1376516105.0,1376516105.25,0.0650125538577413,0.0007791949286850176,0.06501722313235625,0.062492549419403076,0.06623294949531555,0.6185787443081538,1.1987207063541876
37,1376516105.25,1376516105.5,0.0603619365438135,0.0010746793799964857,0.060371502541258296,0.05879475921392441,0.06307666748762131,0.5055555161219125,1.113067687043467
38,1376516105.5,1376516105.75,0.07110374656076601,0.007713229420295727,0.07152088284597556,0.05994708463549614,0.08584990352392197,0.7666120517872606,1.3186284967857547
39,1376516105.75,1376516106.0,0.09925500179633673,0.0067559737329273,0.0994846649623489,0.08565931767225266,0.10860757529735565,1.450767622853117,1.8341959577742848
40,1376516106.0,1376516106.25,0.10642062636543415,0.0025102444795312906,0.10645022800989368,0.10006840527057648,0.10958899557590485,1.6249126806166483,1.962619846926084
41,1376516106.25,1376516106.5,0.08520895710717014,0.009447807536762318,0.08573113459265112,0.06943675875663757,0.10049761831760406,1.1094087866264846,1.5806225068432007
42,1376516106.5,1376516106.75,0.06689464857299754,0.0021180143116003997,0.06692817039430396,0.06418561190366745,0.07292730361223221,0.6643189990122905,1.2339527870443205
43,1376516106.75,1376516107.0,0.08225371115622693,0.0044870810250770485,0.08237600922051042,0.07260128855705261,0.08803243190050125,1.037587904598713,1.5187641551290398
44,1376516107.0,1376516107.25,0.09051587257818028,0.002349983030186244,0.09054637269836673,0.08712766319513321,0.09491173177957535,1.2383819266973226,1.669400915782577
45,1376516107.25,1376516107.5,0.08760493609406694,0.005494747979403704,0.08777708746251901,0.07601019740104675,0.09480191022157669,1.1676378907401415,1.618343682113064
46,1376516107.5,1376516107.75,0.06372895442837034,0.006075853758784611,0.06401793210836663,0.05597260966897011,0.0765477642416954,0.5873836273134608,1.1802968059717964
47,1376516107.75,1376516108.0,0.05079875242427079,0.0034517205770639315,0.050915887724800435,0.04453183710575104,0.05662450194358826,0.2731429420549987,0.9387347837645399
48,1376516108.0,1376516108.25,0.040173259210860124,0.002687981123166451,0.040263084806575075,0.03554503619670868,0.04515887051820755,0.014913235548272941,0.742329357270216
49,1376516108.25,1376516108.5,0.03020614942533939,0.004076617407637474,0.03047999791000951,0.02193073369562626,0.0363139882683754,0.22731588106222758,0.5619588605004245
50,1376516108.5,1376516108.75,0.015762987894959224,0.0027509862305350793,0.016001240971162976,0.011937140487134457,0.02228684164583683,0.5783257860247594,0.2950144277993701
51,1376516108.75,1376516109.0,0.009537342888165767,0.0016392022054059281,0.009677184158455072,0.005832375027239323,0.01274695061147213,0.7296266668996624,0.17841797097867568
52,1376516109.0,1376516109.25,-0.0002124289069749541,0.003401822535755967,0.0034084487095005158,-0.006170638371258974,0.006479695904999971,0.9665738521831767,0.06284147257884293
53,1376516109.25,1376516109.5,-0.01049245813021571,0.0020679124217143153,0.010694294712518919,-0.013019198551774025,-0.005542210768908262,1.2164078011473138,0.1971704095336984
54,1376516109.5,1376516109.75,-0.007664437750108277,0.0031483038186023954,0.008285856802981285,-0.012181834317743778,-0.0005224404158070683,1.1476788623505265,0.15276610782653433
55,1376516109.75,1376516110.0,0.009334539165945566,0.005810542610188205,0.010995272932737254,-0.001114001963287592,0.019539905712008476,0.7345553741714619,0.2027195364781526
56,1376516110.0,1376516110.25,0.028345947164780227,0.005167219610809493,0.028813067854271374,0.018869444727897644,0.03717486932873726,0.2725240868498957,0.53122571814844
57,1376516110.25,1376516110.5,0.048101354333994095,0.006910903569727252,0.04859527628190338,0.03684369474649429,0.060641031712293625,0.20758849642184693,0.895949736142
58,1376516110.5,1376516110.75,0.06954176432282111,0.004701870069822543,0.06970053491390356,0.06032763049006462,0.07638709992170334,0.7286514407575387,1.285066793381387
59,1376516110.75,1376516111.0,0.07876715476959362,0.0017249340338202634,0.07878603980349658,0.07555334270000458,0.08271552622318268,0.952854667810877,1.452575990393177
60,1376516111.0,1376516111.25,0.0865699820642476,0.0023769409560481826,0.08660260759880553,0.08213157951831818,0.09163364768028259,1.1424855641609957,1.596689830041231
61,1376516111.25,1376516111.5,0.096155098573945,0.0030701558834093064,0.09620409990698688,0.09073592722415924,0.10252787172794342,1.3754311576895837,1.7737122725144725
62,1376516111.5,1376516111.75,0.1099749779477861,0.00401628608057632,0.11004829089312142,0.10191710293292999,0.11581436544656754,1.7112935334860508,2.028957230669917
63,1376516111.75,1376516112.0,0.11319987503702578,0.002781923281591479,0.11323405320636946,0.1059974730014801,0.11629018932580948,1.7896677051261687,2.087693040451261
64,1376516112.0,1376516112.25,0.09474177233460068,0.006808757577681488,0.09498611795864141,0.08262062817811966,0.1063762828707695,1.3410833102387465,1.75125637373708
65,1376516112.25,1376516112.5,0.0703047006354609,0.007196561285117243,0.07067206962989145,0.05755937099456787,0.08308718353509903,0.7471929631263681,1.302978951497181
66,1376516112.5,1376516112.75,0.04588583459099027,0.0063433202732688316,0.0463222141979524,0.03505894914269447,0.05794084072113037,0.15374506520364634,0.8540413547072252
67,1376516112.75,1376516113.0,0.02614221742396694,0.00484006113636601,0.026586495136548583,0.018483174964785576,0.035518478602170944,0.3260809874813059,0.4901744598456325
68,1376516113.0,1376516113.25,0.014091857882249315,0.0023521944624038545,0.014286821807612619,0.010439557954668999,0.018923509865999222,0.6189389984234093,0.2634057301080733
69,1376516113.25,1376516113.5,0.009804571405084062,0.0005917751831001609,0.009822414077238105,0.008657353930175304,0.011177591979503632,0.7231322538773148,0.18109557088897885
70,1376516113.5,1376516113.75,0.011927913907584298,0.002131446374965168,0.012116855773512165,0.008949845097959042,0.016597023233771324,0.6715289917772687,0.22339812763224567
71,1376516113.75,1376516114.0,0.02122507023932485,0.002047784727303226,0.021323626074231602,0.016198962926864624,0.02371940203011036,0.4455816496000221,0.39314309160359756
72,1376516114.0,1376516114.25,0.018459152914147126,0.003098646095335249,0.018717423271700694,0.012433991767466068,0.023303693160414696,0.5128013075262116,0.3450926041505679
73,1376516114.25,1376516114.5,0.008405599735283431,0.0021911892957949073,0.00868650778160033,0.004368195775896311,0.012967884540557861,0.757131244460443,0.16015289860217277
74,1376516114.5,1376516114.75,-0.001024027575362907,0.0038920300885718134,0.004024491357358337,-0.00902201421558857,0.004957989323884249,0.9862980082039586,0.07419943347608295
75,1376516114.75,1376516115.0,-0.021143109993090548,0.007766061801890273,0.022524271710550478,-0.03501838073134422,-0.008302245289087296,1.4752489343931805,0.41527936128585335
76,1376516115.0,1376516115.25,-0.038228137609621626,0.002324349119077315,0.03829873501732822,-0.04123033583164215,-0.032146818935871124,1.8904636993424273,0.7061126956927262
77,1376516115.25,1376516115.5,-0.020612188747008986,0.005686651618696898,0.021382243370955067,-0.03251923248171806,-0.01276831142604351,1.462346038047551,0.39422381704752935
78,1376516115.5,1376516115.75,-0.011296125526996548,0.0006537294111153008,0.011315026030222828,-0.013202965259552002,-0.009923765435814857,1.2359392047096267,0.20861481530445022
79,1376516115.75,1376516116.0,-0.014329874311442836,0.0012920609199281294,0.0143880060884945,-0.016733072698116302,-0.011725635267794132,1.309667928872186,0.26527126183654703
80,1376516116.0,1376516116.25,-0.013194245577096808,0.0024005855532098826,0.013410851104498129,-0.016683431342244148,-0.008109322749078274,1.282068920630323,0.2472554829982361
81,1376516116.25,1376516116.5,-0.0032662168939903147,0.003373941927101043,0.004695919177971235,-0.008667869493365288,0.003240335965529084,1.0407895859644059,0.08657852923894711
82,1376516116.5,1376516116.75,0.00886033367453365,0.0036342169983211233,0.009576692853744509,0.0025881000328809023,0.015348871238529682,0.7460799163655716,0.17656521563229804
83,1376516116.75,1376516117.0,0.019649635470386784,0.0024123923600331827,0.019797166742183816,0.014905760996043682,0.024145083501935005,0.48386919539506407,0.3649998040164251
84,1376516117.0,1376516117.25,0.02964041092127445,0.0032699143578619077,0.02982023305559092,0.023780031129717827,0.03562247008085251,0.24106493580538618,0.5497947945158418
85,1376516117.25,1376516117.5,0.04201679259585944,0.003909187981993906,0.042198253645406164,0.0352056547999382,0.04928535223007202,0.05971634024960439,0.7780080104891626
86,1376516117.5,1376516117.75,0.055211992013028066,0.003429236505488295,0.05531838505467462,0.04870283603668213,0.06056394428014755,0.3803972163610897,1.0199035026783885
87,1376516117.75,1376516118.0,0.06210861324234429,0.0007837746439132123,0.062113558435977136,0.059996347874403,0.06349743157625198,0.5480047278586883,1.1451859223666643
88,1376516118.0,1376516118.25,0.062475767578689556,0.0005107508960702692,0.062477855285087,0.06141743063926697,0.06390628963708878,0.5569276225058231,1.1519024530834348
89,1376516118.25,1376516118.5,0.06648324608977418,0.0024405268050497033,0.0665280255360073,0.06314776092767715,0.07201032340526581,0.654320748543802,1.2265753275947695
90,1376516118.5,1376516118.75,0.07813710935261042,0.0037393203567614936,0.07822653242162975,0.07156462967395782,0.08441419899463654,0.9375427721797044,1.442260368598065
91,1376516118.75,1376516119.0,0.08172221239146893,0.002555820394392044,0.08176216861143512,0.076685331761837,0.08505881577730179,1.0246709729066463,1.5074467931586326
92,1376516119.0,1376516119.25,0.0743917135951051,0.0009866680618339947,0.074398256468014,0.07265351712703705,0.07719648629426956,0.8465190024791651,1.371678552978301
93,1376516119.25,1376516119.5,0.07176013132630032,0.0010705317702963022,0.07176811608394833,0.06966987997293472,0.07380229234695435,0.7825640685035749,1.3231867290106782
94,1376516119.5,1376516119.75,0.07894200668488338,0.004436585715927117,0.07906657771935587,0.07077176868915558,0.08432058990001678,0.9571040666727038,1.4577482600235392
95,1376516119.75,1376516120.0,0.07750685646351485,0.0037571282605050136,0.07759786602492222,0.0703859031200409,0.08405382186174393,0.9222258343861011,1.430669663999865
96,1376516120.0,1376516120.25,0.060381758200492186,0.006229555091221786,0.06070225761878443,0.04909162595868111,0.0709090307354927,0.5060372387566937,1.1191658090650003
97,1376516120.25,1376516120.5,0.038658795279843616,0.005632627155265113,0.03906698018991344,0.029733654111623764,0.04931765794754028,0.021892545469762534,0.7202768102391108
98,1376516120.5,1376516120.75,0.024076408751625422,0.0031036441171429317,0.024275626978128108,0.019354473799467087,0.030203115195035934,0.3762860138686473,0.4475690488837694
99,1376516120.75,1376516121.0,0.017005026379365518,0.0015528362884159803,0.017075778831477602,0.01407163217663765,0.020023414865136147,0.5481407182018846,0.31482565197759327
100,1376516121.0,1376516121.25,0.010846403418099726,0.002548392438047741,0.011141757990840778,0.005098340101540089,0.014609179459512234,0.6978127727438842,0.20542027735665383
101,1376516121.25,1376516121.5,-0.0012768679278519768,0.0035934143731887252,0.0038135309835657973,-0.007638263516128063,0.005641313269734383,0.9924427479073263,0.07030996302345317
102,1376516121.5,1376516121.75,-0.011385719584609433,0.0017802393924116022,0.01152405582916244,-0.013744695112109184,-0.00693344883620739,1.2381165951363526,0.2124686918030494
103,1376516121.75,1376516122.0,-0.009691463972785641,0.0019726931150366896,0.00989019676558132,-0.013278509490191936,-0.006376521661877632,1.1969413649045508,0.18234527839930972
104,1376516122.0,1376516122.25,-0.006686953012490449,0.0003488413965080654,0.006696045916148782,-0.007739628665149212,-0.005624392535537481,1.1239232030281643,0.12345480941328309
105,1376516122.25,1376516122.5,-0.006950739838771369,0.00023008983356857525,0.006954547119532303,-0.007986828684806824,-0.006230645347386599,1.1303339731790396,0.1282207887981992
106,1376516122.5,1376516122.75,-0.00783115543117674,0.0004418162761812077,0.007843608672616678,-0.008847402408719063,-0.00656906608492136,1.1517305761850856,0.1446123915391548
107,1376516122.75,1376516123.0,-0.00947967672584582,0.0011811376889719087,0.009552976345979972,-0.011673972010612488,-0.007363485638052225,1.1917943324307914,0.17612795504856185
108,1376516123.0,1376516123.25,-0.008346388617297862,0.002660888473102524,0.008760281411989526,-0.011506337672472,-0.0016234705690294504,1.164252208053116,0.1615130609417797
109,1376516123.25,1376516123.5,0.008918880085046266,0.004639561282825154,0.01005345467332126,-0.0020091452170163393,0.013949986547231674,0.7446570720702484,0.185355259832776
110,1376516123.5,1376516123.75,0.004574769126072908,0.003281877296926248,0.005630207025407664,0.0003090671671088785,0.01142953522503376,0.8502313240543842,0.10380396789136749
111,1376516123.75,1376516124.0,0.003949881549946355,0.0028185595553599663,0.004852405818325338,0.00016563260578550398,0.009779365733265877,0.8654178694826188,0.08946366900688826
112,1376516124.0,1376516124.25,0.017769505160913468,0.00531273302491129,0.018546709839152426,0.009122555144131184,0.02754802815616131,0.52956170945144,0.3419451654168062
113,1376516124.25,1376516124.5,0.033223819650174846,0.002638843627691336,0.03332845162678206,0.027089759707450867,0.03652158007025719,0.1539779116294455,0.6144757212164823
114,1376516124.5,1376516124.75,0.024428761539184052,0.00760149257932798,0.025584117725102353,0.011659030802547932,0.035842496901750565,0.3677228389561403,0.4716936558248847
115,1376516124.75,1376516125.0,0.008469274933759152,0.0015308088728077907,0.008606508799081551,0.0051343091763556,0.01220634300261736,0.7555837560301281,0.15867795962119988
116,1376516125.0,1376516125.25,0.0075295387097185085,0.0027220608059679787,0.008006470396656475,0.004657276440411806,0.01489211991429329,0.778422019106846,0.14761506854493256
117,1376516125.25,1376516125.5,0.03174589641798775,0.010367447891683439,0.03339589668160415,0.014256328344345093,0.04860113933682442,0.18989564973551895,0.6157192037871213
118,1376516125.5,1376516125.75,0.046845489910083415,0.0034992402444807644,0.04697600033213046,0.03850298747420311,0.05098751559853554,0.17706741894476707,0.8660951911956138
119,1376516125.75,1376516126.0,-0.010602663976760685,0.039248235276134226,0.0406551405814183,-0.06890719383955002,0.0388815775513649,1.219086116669902,0.7495576785166278
120,1376516126.0,1376516126.25,0.006344065166200341,0.04061372771913267,0.04110622875035902,-0.06612783670425415,0.06517837941646576,0.8072323979820419,0.7578743783455311
121,1376516126.25,1376516126.5,0.08580002684539068,0.00795853579923323,0.08616834046642326,0.06506019085645676,0.09354664385318756,1.1237734624076574,1.5886832591882132
122,1376516126.5,1376516126.75,0.06038871062810358,0.015206226632757691,0.06227379625277087,0.0427500456571579,0.08718308061361313,0.5062062025220024,1.1481402224686639
123,1376516126.75,1376516127.0,0.044657589008238574,0.0007408421225980639,0.04466373364464021,0.04316044598817825,0.04708978161215782,0.12389520412125944,0.8234639955927955
124,1376516127.0,1376516127.25,0.045910400498542,0.004344430441692071,0.04611549576659917,0.038452282547950745,0.05124852433800697,0.15434208662841642,0.8502300928275273
125,1376516127.25,1376516127.5,0.0549268191707597,0.006485299919468942,0.05530835903606975,0.04040883854031563,0.06572511792182922,0.37346670519482156,1.019718653256575
126,1376516127.5,1376516127.75,0.10208812975179171,0.019398408547452888,0.10391479437689588,0.06527739018201828,0.126752108335495,1.5196206902580045,1.9158741286527243
127,1376516127.75,1376516128.0,0.0497829449747087,0.024915485970693627,0.05566976784135807,0.003972511738538742,0.09311137348413467,0.24845593183351605,1.0263819371909857
128,1376516128.0,1376516128.25,-0.01006839520703151,0.004265123204199756,0.010934525961008931,-0.01691344380378723,0.004162960220128298,1.206101865978485,0.20159954627631307
129,1376516128.25,1376516128.5,0.032499631742989976,0.03568738326309103,0.048268161220381196,-0.017365461215376854,0.07638034224510193,0.17157773753607197,0.8899187249927123
130,1376516128.5,1376516128.75,0.04631418156350264,0.018378842574976205,0.049827555311221586,0.01532023586332798,0.07471908628940582,0.16415511495600124,0.918669229797438
131,1376516128.75,1376516129.0,0.012768130147378542,0.0011980153872442373,0.01282421102167579,0.010660206899046898,0.015888068825006485,0.6511093473761588,0.23643961636202301
132,1376516129.0,1376516129.25,0.010628700703591676,0.0024070437009745416,0.010897850156105626,0.007134090177714825,0.015213855542242527,0.7031035679045435,0.2009233554972898
133,1376516129.25,1376516129.5,0.0024747608734397297,0.010350095536349156,0.010641847536601102,-0.01771128922700882,0.015368410386145115,0.9012674975145243,0.1962034424327734
134,1376516129.5,1376516129.75,-0.035246639064553165,0.009810176107306643,0.03658640622694794,-0.051478490233421326,-0.017428874969482422,1.8180048046088126,0.6745425381525194
135,1376516129.75,1376516130.0,-0.053496617939345015,0.0021420952568372564,0.05353948732512869,-0.05631771683692932,-0.04758583381772041,2.261531198531258,0.987106015487153
136,1376516130.0,1376516130.25,-0.03452341042702756,0.006835560499987937,0.03519361809848471,-0.04796489700675011,-0.026400698348879814,1.8004282916832965,0.648863742770034
137,1376516130.25,1376516130.5,-0.02845727966132472,0.0008190155716813305,0.028469063072561803,-0.030074285343289375,-0.026339687407016754,1.6530040605632008,0.5248833117051402
138,1376516130.5,1376516130.75,-0.01989999422494293,0.006323096554922873,0.02088040517316748,-0.02859015390276909,-0.007090198341757059,1.4450376855113414,0.38497144037030895
139,1376516130.75,1376516131.0,0.0015065734602899422,0.0035715078965649705,0.003876265244597685,-0.007698740344494581,0.00546110887080431,0.924797205408519,0.07146659282204769
140,1376516131.0,1376516131.25,0.0012035999023710109,0.0027051973256774866,0.002960869010246845,-0.004192542750388384,0.005296814255416393,0.9321603245945498,0.05458945830645622
141,1376516131.25,1376516131.5,-0.0009948364825676098,0.0028351617137141,0.0030046366785283322,-0.004619547165930271,0.004638499114662409,0.985588581622647,0.05539640157025966
142,1376516131.5,1376516131.75,0.005852247956511292,0.0011985983386092586,0.005973729498546738,0.0019649274181574583,0.0077053215354681015,0.8191849550221866,0.11013748202517676
143,1376516131.75,1376516132.0,-0.0020761472468392994,0.0025067803915177767,0.0032548940569327935,-0.005701539572328329,0.00375415850430727,1.0118675086985236,0.06001038978689962
144,1376516132.0,1376516132.25,0.01714152619581455,0.007945525871325498,0.018893472462564925,0.003134334459900856,0.03432276472449303,0.544823384424346,0.3483384181096823
145,1376516132.25,1376516132.5,0.04476907838215993,0.004309291683648485,0.044975997754388305,0.034079812467098236,0.050308287143707275,0.12660471300974988,0.829221200163718
146,1376516132.5,1376516132.75,0.03140116411805138,0.002819795087372641,0.03152751738249571,0.02837025374174118,0.03874705731868744,0.1982736251243322,0.5812719474254415
147,1376516132.75,1376516133.0,0.036359669383273285,0.0034114448910740427,0.03651935807083383,0.029927121475338936,0.04113239794969559,0.07776784401534388,0.6733063731921481
148,1376516133.0,1376516133.25,0.03836234939353744,0.0021414672493091603,0.0384220735121324,0.03420413285493851,0.041391097009181976,0.029097023669358256,0.7083866840374967
149,1376516133.25,1376516133.5,0.03627263143334858,0.002298509616891291,0.03634538399244792,0.033261705189943314,0.04100538417696953,0.07988311375507105,0.670098818023181
150,1376516133.5,1376516133.75,0.035266978375602775,0.005674568955260668,0.03572058925288386,0.022437795996665955,0.04154478386044502,0.10432334337392117,0.6585794950583729
151,1376516133.75,1376516134.0,0.0076232034856175135,0.007802212746784531,0.010908150857465165,-0.003426522947847843,0.022739822044968605,0.7761456986476798,0.20111326923729242
152,1376516134.0,1376516134.25,0.005047103479957599,0.007522182174504497,0.009058503088470705,-0.003782927291467786,0.020265502855181694,0.8387522558241447,0.16701136556721588
153,1376516134.25,1376516134.5,0.03161088742535867,0.005435328763020542,0.0320747720581272,0.01992766372859478,0.039206553250551224,0.1931767522539766,0.5913616664217938
154,1376516134.5,1376516134.75,0.030690149524161825,0.007108558792071357,0.03150264887141628,0.019856872037053108,0.03985021635890007,0.21555330204985765,0.5808134473891292
155,1376516134.75,1376516135.0,0.04554669975505021,0.017231940452725143,0.04869744993675702,0.020390979945659637,0.07568659633398056,0.14550312411045757,0.8978335089304443
156,1376516135.0,1376516135.25,0.09407588682552159,0.00839673427551838,0.09444986833501681,0.07543019950389862,0.10441046953201294,1.3249003984319279,1.74136955457372
157,1376516135.25,1376516135.5,0.10686524483207904,0.001308575813315623,0.10687325635386707,0.1036539226770401,0.1087237223982811,1.635718173956409,1.9704192085546688
158,1376516135.5,1376516135.75,0.10314556408957287,0.0021363361134305306,0.10316768546083474,0.09817907214164734,0.10718601197004318,1.545319352259946,1.9020997026708397
159,1376516135.75,1376516136.0,0.08381093742173107,0.010217956056839663,0.08443150986147784,0.06365998834371567,0.09864632040262222,1.0754329319710116,1.5566613623849699
160,1376516136.0,1376516136.25,0.03497862064494939,0.01832433873215288,0.039487786620599,0.0019607481081038713,0.06418853998184204,0.1113312563865227,0.72803520651517
161,1376516136.25,1376516136.5,-0.004547949541965524,0.005866124341291955,0.007422618124608217,-0.011401580646634102,0.010316024534404278,1.0719393348616135,0.13685060069721408
162,1376516136.5,1376516136.75,0.035681070753753374,0.013204252504735524,0.0380459077213722,0.009953261353075504,0.05652391538023949,0.09425972080800193,0.7014513259787803
163,1376516136.75,1376516137.0,0.070126838424585,0.006530993756751392,0.0704303013402511,0.0562734454870224,0.07743039727210999,0.7428704055198041,1.2985214763702944
164,1376516137.0,1376516137.25,0.06540309060801519,0.008625542452133124,0.06596941900360952,0.04780767858028412,0.07708003371953964,0.628069898118881,1.2162763147358722
165,1376516137.25,1376516137.5,0.0378570481452698,0.004050984306234015,0.038073173864581214,0.03297828137874603,0.04841819778084755,0.04137728119876395,0.70195403109094
166,1376516137.5,1376516137.75,0.02862211594947439,0.0028764030880703445,0.028766286102836026,0.0229318980127573,0.033606454730033875,0.26581239989235433,0.5303632043186675
167,1376516137.75,1376516138.0,0.018736277597554363,0.002380868517029115,0.01888694345594326,0.014818450435996056,0.02355070598423481,0.5060663895111399,0.34821804299902304
168,1376516138.0,1376516138.25,0.014522418843625928,0.000488297721602106,0.014530625717243674,0.013473646715283394,0.016058024019002914,0.6084751424445443,0.26790073590322866
169,1376516138.25,1376516138.5,0.01716196424172267,0.0013501479112578625,0.01721499102574386,0.015325570479035378,0.021139221265912056,0.5443266817781324,0.3173923032709629
170,1376516138.5,1376516138.75,0.03298600661173623,0.007561885890720584,0.03384167180287914,0.020782221108675003,0.04693321883678436,0.15975744486014476,0.6239379471062889
171,1376516138.75,1376516139.0,0.05141947784977674,0.0024004208773831166,0.051475476906311976,0.0458369180560112,0.05485422536730766,0.28822833538500997,0.9490519136973907
172,1376516139.0,1376516139.25,0.04367730159901839,0.0045709074420343596,0.043915827099295986,0.03840295970439911,0.05652376636862755,0.10007143190749777,0.8096748637423491
173,1376516139.25,1376516139.5,0.08213035860899254,0.013730802103153354,0.08327022716215968,0.0561789870262146,0.10212604701519012,1.0345900868570397,1.5352508260603142
174,1376516139.5,1376516139.75,0.10732743377593579,0.0018427163221649276,0.10734325150828931,0.10161998122930527,0.10971818119287491,1.6469506798670188,1.9790844959408305
175,1376516139.75,1376516140.0,0.10357623457821319,0.00169121421370864,0.10359004090605282,0.10103271901607513,0.10741187632083893,1.5557858700628404,1.90988665808408
176,1376516140.0,1376516140.25,0.09995235179485462,0.0007891750103285921,0.09995546721675261,0.09818854182958603,0.10177090764045715,1.4677152112457632,1.842876125640007
177,1376516140.25,1376516140.5,0.0956822586376802,0.0017672305037833187,0.09569857742757429,0.09290143847465515,0.09932322800159454,1.3639398023695117,1.7643919688410017
178,1376516140.5,1376516140.75,0.09316055207636964,0.0008256561771714558,0.09316421078556336,0.09087306261062622,0.09446314722299576,1.3026551605985826,1.7176659226503277
179,1376516140.75,1376516141.0,0.09101839894719888,0.0003227785297599414,0.0910189712801168,0.09003347158432007,0.0919857919216156,1.2505947467685623,1.6781142024848432
180,1376516141.0,1376516141.25,0.09344818268436939,0.0012733490887967703,0.09345685777359099,0.09115854650735855,0.09563586115837097,1.3096454024625914,1.7230614469022136
181,1376516141.25,1376516141.5,0.09420291129026737,0.0005931806573593793,0.0942047788535924,0.0928766131401062,0.0955720767378807,1.3279874542129315,1.736850846727724
182,1376516141.5,1376516141.75,0.09123608338268241,0.0011393112806783734,0.09124319668449839,0.08899889886379242,0.09380347281694412,1.255885097696936,1.682248239931747
183,1376516141.75,1376516142.0,0.08706482076377142,0.001405824261602987,0.0870761698542268,0.08471914380788803,0.08994748443365097,1.1545115519979585,1.6054208839677522
184,1376516142.0,1376516142.25,0.08296334249826032,0.0015654443443284193,0.0829781104537747,0.07979662716388702,0.08541399985551834,1.0548339645698375,1.5298650785592212
185,1376516142.25,1376516142.5,0.07807147528910718,0.0010063116597348067,0.07807796050726602,0.07632405310869217,0.08071574568748474,0.9359476777577443,1.4395211524096418
186,1376516142.5,1376516142.75,0.07745003082891344,0.00034337078606580567,0.07745079198366125,0.07642433047294617,0.07836174964904785,0.9208448098397148,1.4279580640555272
187,1376516142.75,1376516143.0,0.07230087293828547,0.0029830884850959288,0.07236238694617537,0.06686949729919434,0.0771937370300293,0.7957056276721093,1.3341432841112297
188,1376516143.0,1376516143.25,0.06505263397593808,0.0007149885196758603,0.06505656304932379,0.06358928978443146,0.06724051386117935,0.6195528051776905,1.1994460152920863
189,1376516143.25,1376516143.5,0.07075382098628324,0.0028953809980579665,0.0708130384553786,0.06607262045145035,0.07613980025053024,0.7581078650560662,1.305577989750751
190,1376516143.5,1376516143.75,0.08076468167746498,0.0025906980747061395,0.08080622205608014,0.0756346806883812,0.08518736809492111,1.0014002531120734,1.4898220335201098
191,1376516143.75,1376516144.0,0.08627344462911424,0.00045423812459942614,0.08627464042490517,0.08479151129722595,0.08731922507286072,1.1352788610645128,1.5906431085200965
192,1376516144.0,1376516144.25,0.0838258727799257,0.0011617099722642176,0.08383392223542895,0.08190487325191498,0.0861416682600975,1.0757959036548395,1.5456436562035234
193,1376516144.25,1376516144.5,0.08207231573942408,0.0009089672103981644,0.08207734908134702,0.07909373939037323,0.08340127021074295,1.0331794800388494,1.513257766579517
194,1376516144.5,1376516144.75,0.07200960006139212,0.005056641899182839,0.07218692491232893,0.06159696727991104,0.07988983392715454,0.78862686831451,1.330908295549467
195,1376516144.75,1376516145.0,0.04726489757968011,0.008991544828682255,0.04811255991551326,0.030803315341472626,0.06225083768367767,0.18726021821077496,0.8870499081301216
196,1376516145.0,1376516145.25,0.019316166460839668,0.0048387567221504675,0.01991300714003346,0.014315994456410408,0.031230662018060684,0.4919734407919513,0.3671355501594432
197,1376516145.25,1376516145.5,0.023367476286239253,0.004761689138352887,0.02384769656462153,0.015612998977303505,0.0317896343767643,0.3935150891494735,0.43967930793766985
198,1376516145.5,1376516145.75,0.03668780085899925,0.002514105443087186,0.036773842035454314,0.031194748356938362,0.04101609066128731,0.06979331587152164,0.677998286859465
199,1376516145.75,1376516146.0,0.04623028242349392,0.0032801561139881343,0.046346504043866615,0.04029262065887451,0.05198591947555542,0.1621161272247517,0.854489185910232
200,1376516146.0,1376516146.25,0.05406427630168764,0.00100479220743129,0.054073612598062454,0.05151606351137161,0.0560380294919014,0.3525044602000359,0.9969536680568327
201,1376516146.25,1376516146.5,0.05750001831438567,0.0008131453026008513,0.05750576763628001,0.05527568981051445,0.05873727425932884,0.4360027631731225,1.0602322135486006
202,1376516146.5,1376516146.75,0.056245254423629376,0.0005433814262682342,0.0562478791471573,0.05502939969301224,0.057742368429899216,0.4055084317818713,1.0370405590061356
203,1376516146.75,1376516147.0,0.056032782406873594,0.00039270795966119204,0.05603415854456658,0.05515240877866745,0.057061824947595596,0.40034475745393616,1.0331001982931218
204,1376516147.0,1376516147.25,0.05759468446831306,0.0009889027131904289,0.057603173589488084,0.05582069605588913,0.059948232024908066,0.43830341996653494,1.0620280843564787
205,1376516147.25,1376516147.5,0.06254195911242277,0.0017527612615685856,0.0625665151791277,0.059297047555446625,0.06559167802333832,0.558536265039949,1.153537073045493
206,1376516147.5,1376516147.75,0.06690030441859562,0.00071834973576946,0.06690416098901207,0.06498634815216064,0.06842803210020065,0.6644564521468892,1.233510126317146
207,1376516147.75,1376516148.0,0.0675629107918212,0.00043275273459084107,0.06756429670760204,0.06628703325986862,0.0685838907957077,0.680559671625828,1.2456810299139807
208,1376516148.0,1376516148.25,0.06494533481600229,0.0007867027640711845,0.06495009942718823,0.06353720277547836,0.06724023818969727,0.6169451304070109,1.1974831484980435
209,1376516148.25,1376516148.5,0.06452781402003893,0.002348798368411038,0.06457054774415487,0.05884745717048645,0.06728772819042206,0.6067981875370089,1.1904853648391278
210,1376516148.5,1376516148.75,0.04979307979920122,0.005616066160955208,0.05010879159402915,0.03976654261350632,0.05925943702459335,0.2487022368945271,0.9238543751994991
211,1376516148.75,1376516149.0,0.03184066414769404,0.004682127604189603,0.03218307338133142,0.023922644555568695,0.040174007415771484,0.18759252436177368,0.5933584148585299
212,1376516149.0,1376516149.25,0.024993624189391994,0.0022926973037696884,0.025098559939711152,0.022106781601905823,0.030571790412068367,0.35399506995284263,0.46274144065114475
213,1376516149.25,1376516149.5,0.03673524195255595,0.0032087170258056556,0.03687511174579031,0.030132999643683434,0.041211895644664764,0.06864036236438066,0.679865393648371
214,1376516149.5,1376516149.75,0.044376061769071384,0.002645936374070707,0.044454874169522395,0.04063872620463371,0.05008759722113609,0.11705329147930908,0.8196132593496877
215,1376516149.75,1376516150.0,0.05534518218701123,0.003466019518301134,0.05545360657896572,0.049519967287778854,0.06226538121700287,0.38363411641330036,1.0223965781021505
216,1376516150.0,1376516150.25,0.06745185446561663,0.003085488472570544,0.06752238821283717,0.061423782259225845,0.07322294265031815,0.677860687028546,1.2449083641797871
217,1376516150.25,1376516150.5,0.07608765183613286,0.0013552228125722555,0.07609972004421757,0.07239045202732086,0.07815688103437424,0.8877351253864195,1.4030483888716407
218,1376516150.5,1376516150.75,0.07949740969161212,0.000764894449057302,0.07950108937111632,0.07727529853582382,0.08089099824428558,0.9706019394339889,1.4657593390734256
219,1376516150.75,1376516151.0,0.07932722606165044,0.0006519314359617276,0.07932990488607299,0.07754471898078918,0.0804680585861206,0.9664659931833443,1.4626032155581183
220,1376516151.0,1376516151.25,0.07773779844865203,0.0007599398047956151,0.07774151282390998,0.07644204795360565,0.08015964925289154,0.9278383814786714,1.433318075975221
221,1376516151.25,1376516151.5,0.08673885222015087,0.00476758002259885,0.08686977785018825,0.07947541028261185,0.09582490473985672,1.1465895892561895,1.6016156404192343
222,1376516151.5,1376516151.75,0.10421152034541592,0.004814457877977653,0.10432267240327894,0.09515640139579773,0.11229248344898224,1.571225121109146,1.9233941643038461
223,1376516151.75,1376516152.0,0.11256272693753999,0.002031913745201883,0.112581064878083,0.10701576620340347,0.11530139297246933,1.7741831941084707,2.07565391308756
224,1376516152.0,1376516152.25,0.09348136772496218,0.008737154812077121,0.09388878519791277,0.07716129720211029,0.10740183293819427,1.3104518933351164,1.7310248806238098
225,1376516152.25,1376516152.5,0.06069605722314009,0.009289371750764278,0.061402799528674536,0.044883936643600464,0.07751632481813431,0.5136755989479442,1.1320816804694847
226,1376516152.5,1376516152.75,0.037371459861788026,0.0034148651183672396,0.03752715438156582,0.0328466072678566,0.04556022584438324,0.053178457615529424,0.6918870853059603
227,1376516152.75,1376516153.0,0.034288655991076666,0.0013035378795583446,0.03431342507937442,0.03258487209677696,0.03719928488135338,0.12809935989862095,0.6326356489394497
228,1376516153.0,1376516153.25,0.031782008851678256,0.004701952926308684,0.03212793874448496,0.02139376662671566,0.037312451750040054,0.1890180148845199,0.5923418991163761
229,1376516153.25,1376516153.5,0.012641332884300027,0.004320378065500316,0.013359227661827667,0.006436228286474943,0.021959325298666954,0.6541908815104327,0.24630370304392465
230,1376516153.5,1376516153.75,0.016468322411810732,0.008700163406074166,0.018625211041804052,0.006514236330986023,0.033164940774440765,0.5611841511267437,0.3433924898726761
231,1376516153.75,1376516154.0,0.03632413498507958,0.0017466527377710756,0.036366104798295974,0.03231677785515785,0.03895135968923569,0.0786314309597007,0.6704808469353025
232,1376516154.0,1376516154.25,0.028411805739324336,0.0017896239999922823,0.02846811302897422,0.025962240993976593,0.032708022743463516,0.27092353617108,0.5248657957783518
233,1376516154.25,1376516154.5,0.024708818589260773,0.0021311034072932513,0.02480055075617426,0.018822958692908287,0.026997776702046394,0.3609166560906545,0.45724705375212016
234,1376516154.5,1376516154.75,0.004878875539952865,0.009340824492036527,0.010538236509273257,-0.012607253156602383,0.019302666187286377,0.8428406732463897,0.19429316884862355
235,1376516154.75,1376516155.0,-0.015595205982663174,0.002834245311542891,0.015850659170132203,-0.01943250559270382,-0.009235521778464317,1.3404190873859856,0.2922381553872396
236,1376516155.0,1376516155.25,-0.010095788271542006,0.003010946207637349,0.01053521418335151,-0.017248831689357758,-0.006438251584768295,1.2067675953584576,0.19423744631097575
237,1376516155.25,1376516155.5,-0.020945789847246488,0.0017319636529234224,0.021017274095849393,-0.0239508505910635,-0.016820330172777176,1.470453493623912,0.3874948888316682
238,1376516155.5,1376516155.75,-0.025680690390345262,0.0007307324641676822,0.025691084618189246,-0.02689969353377819,-0.023320723325014114,1.5855250440004862,0.47366580141124126
239,1376516155.75,1376516156.0,-0.026473024826373148,0.00031057444264717747,0.026474846551815832,-0.027310686185956,-0.025505490601062775,1.6047810243828762,0.48811599804264477
240,1376516156.0,1376516156.25,-0.02678700768001363,0.00043585639869851575,0.026790553395728795,-0.027778619900345802,-0.02517971396446228,1.6124117007679868,0.49393667620611836
241,1376516156.25,1376516156.5,-0.017160347342155546,0.005822123099873734,0.018121110294170947,-0.026023438200354576,-0.0057772742584347725,1.3784564740546013,0.334098398627864
242,1376516156.5,1376516156.75,0.0037250204265514286,0.0045940670989664525,0.005914493189448393,-0.0063088987953960896,0.01043526828289032,0.8708826343394405,0.10904534386757453
243,1376516156.75,1376516157.0,0.013388798764708554,0.0016483696929658345,0.013489887138391839,0.009646684862673283,0.01588347926735878,0.6360253346463988,0.24871266812260898
244,1376516157.0,1376516157.25,-0.0006589136194702083,0.008500699882176749,0.008526198780509585,-0.012104285880923271,0.013832759112119675,0.9774247006051466,0.15719728607730013
245,1376516157.25,1376516157.5,-0.02181152163348088,0.009783106402048772,0.023905054838707484,-0.042638301849365234,-0.011254854500293732,1.4914932383757784,0.44073682081679727
246,1376516157.5,1376516157.75,-0.04044884217410072,0.00917785788604553,0.04147700457605102,-0.05005786195397377,-0.019467702135443687,1.944433136469338,0.764710361770535
247,1376516157.75,1376516158.0,-0.006965529370262402,0.004707628405002613,0.008407161507166113,-0.019670410081744194,-0.000963080208748579,1.1306934008592042,0.1550025992311043
248,1376516158.0,1376516158.25,0.025160082792213094,0.01958112990247363,0.03188181949589083,-0.0012605692027136683,0.06098182499408722,0.3499496524565743,0.5878042054821597
249,1376516158.25,1376516158.5,0.07603618445045868,0.005440744635415198,0.07623059128704154,0.060669027268886566,0.08098378777503967,0.8864843215290946,1.4054612582788752
250,1376516158.5,1376516158.75,0.08044645729569311,0.00042918349300764526,0.08044760213889812,0.07939159870147705,0.08148052543401718,0.9936664955294587,1.4832101682369374
251,1376516158.75,1376516159.0,0.06564806428741576,0.012467111670699511,0.06682138294060042,0.036964934319257736,0.08062878996133804,0.6340234552915157,1.2319839497768064
252,1376516159.0,1376516159.25,-0.009974620870489947,0.024409380425603765,0.026368748818854905,-0.03845566138625145,0.037010520696640015,1.2038228828840882,0.48615987713697956
253,1376516159.25,1376516159.5,-9.709243734845607e-05,0.01994504477453626,0.01994528109602987,-0.03561319038271904,0.027815215289592743,0.9637708479269995,0.36773058417450877
254,1376516159.5,1376516159.75,0.03332145629474326,0.0020605304387327173,0.03338510499146931,0.02739286981523037,0.03567633405327797,0.15160506346467692,0.6155202377009373
255,1376516159.75,1376516160.0,0.03291618879939051,0.0016342758394009393,0.032956734404312134,0.02951030433177948,0.03529251366853714,0.16145421627855025,0.6076223812856753
