gps,correlation,abs_correlation,mean,rms
1376516096.0,0.676760275385827,0.676760275385827,0.08039860106873675,0.08046644370846327
1376516096.25,-0.8288155204998118,0.8288155204998118,0.05247406607577432,0.05296355854883059
1376516096.5,0.9300117528783702,0.9300117528783702,0.046964813853264786,0.047504389825262616
1376516096.75,0.3038005796506629,0.3038005796506629,0.04384425761691091,0.04424931068271182
1376516097.0,-0.826255593762966,0.826255593762966,0.055933959224603313,0.05594340861865574
1376516097.25,-0.7385398894551026,0.7385398894551026,0.05414958397886949,0.05415778687761575
1376516097.5,-0.53228346402863,0.53228346402863,0.059189198606873106,0.059213279438259644
1376516097.75,-0.973078586650555,0.973078586650555,0.051532464118281496,0.051633147100127536
1376516098.0,0.7797773209900882,0.7797773209900882,0.030296812684355245,0.03089334571387234
1376516098.25,0.3498425270028065,0.3498425270028065,0.03809024370411862,0.038931427281325176
1376516098.5,-0.1988551739813997,0.1988551739813997,0.05255466731705383,0.052557305390204895
1376516098.75,-0.22944338820926238,0.22944338820926238,0.05666722846126504,0.056697595631471184
1376516099.0,0.8567587800941111,0.8567587800941111,0.04819995378602471,0.048553219878443896
1376516099.25,-0.10354168883201462,0.10354168883201462,0.06121174128657003,0.06183318605387641
1376516099.5,0.2736317227656922,0.2736317227656922,0.0536678654843854,0.05412616395401503
1376516099.75,-0.3928572188751711,0.3928572188751711,0.04923781844172481,0.04937021309931084
1376516100.0,-0.7811870783226517,0.7811870783226517,0.06385703169144108,0.06396356899795537
1376516100.25,-0.11943904105206171,0.11943904105206171,0.0686665009088756,0.06866846276050936
1376516100.5,-0.6006334028145769,0.6006334028145769,0.07479253840756428,0.07482376883982825
1376516100.75,-0.9546737100224932,0.9546737100224932,0.06503008474464878,0.06550833646702761
1376516101.0,0.9875215351989299,0.9875215351989299,0.03789908161843414,0.03841313840159331
1376516101.25,-0.9780714241415259,0.9780714241415259,0.02324640127744715,0.023383803952895292
1376516101.5,0.6071538946609261,0.6071538946609261,0.016385082235501613,0.016443480119217195
1376516101.75,0.1262341680533876,0.1262341680533876,0.017364117539727886,0.01740018807649393
1376516102.0,0.8591956275120509,0.8591956275120509,0.02245201061850821,0.022522707982921813
1376516102.25,0.6895118378850219,0.6895118378850219,0.029399271888905787,0.029455297137833784
1376516102.5,-0.9447602924082926,0.9447602924082926,0.033445356680203986,0.033452519407960506
1376516102.75,-0.9598147773303795,0.9598147773303795,0.03186135128180467,0.03188645305612731
1376516103.0,0.9879600945322068,0.9879600945322068,0.025752264343736897,0.025839870417265508
1376516103.25,-0.8737131430632143,0.8737131430632143,0.01962389823029298,0.019667388722700317
1376516103.5,-0.9176339327863674,0.9176339327863674,0.021576866086434165,0.02167794900595814
1376516103.75,0.9473851032814885,0.9473851032814885,0.030052788118609897,0.030187469751055265
