window,file,PC1,PC2,PC3,PC4,PC5,anomaly_score,anomaly_flag
10,H1_O4a_window_010.npy,-0.6321971986094338,-2.908062260682112,-2.668024250408873,-3.607036183873943,2.2352285863253094,245.33601880985896,True
0,H1_O4a_window_000.npy,6.013621080569008,0.4841043870253397,-2.269309030415463,-1.8793789912153298,-2.746016216398864,63.390265405595926,True
7,H1_O4a_window_007.npy,1.5387999954452984,-0.10941229478045233,-1.7465614579192419,4.047219693423716,-0.8711159270489761,39.98906916244745,True
8,H1_O4a_window_008.npy,4.437176287932918,-2.8764227919918706,-0.8179831515213046,1.3404289213222669,1.9630064134793614,-9.997267290611845,False
9,H1_O4a_window_009.npy,-0.3363064894348676,-1.83406943805191,-0.6773342713381615,-1.2444682753738514,-0.5109697715569237,-13.019703679729325,False
24,H1_O4a_window_024.npy,2.468835353718462,-1.956329073636079,3.763610391001589,-0.9437589579000009,-1.5815637051044737,-17.525188489555646,False
4,H1_O4a_window_004.npy,1.5724052156723454,2.660357424974956,-2.6821755683693063,0.8010575763563594,1.947826958288961,-19.157494592744413,False
11,H1_O4a_window_011.npy,-2.412190682688329,-2.4606939750489376,-1.140600203843346,-0.472534910817271,-1.467286939535215,-28.681285528945196,False
29,H1_O4a_window_029.npy,0.8487350971026639,1.8685764955899504,2.254759353119338,0.527674768489253,-0.022986718305532484,-30.915791516851634,False
14,H1_O4a_window_014.npy,-1.6304363062455003,-1.1572228584376056,-0.4456612775302452,1.5876372711322215,-0.7480092628519824,-45.17280561860422,False
17,H1_O4a_window_017.npy,-1.710686295535715,-1.8089762570871064,-0.7963836014806928,0.23056168857956144,-0.19811576160684824,-46.21763730691974,False
6,H1_O4a_window_006.npy,-0.3073496864500439,3.694431267541002,-1.554017056358888,-0.6438922902260409,-0.7057627523148399,-46.856929295209405,False
3,H1_O4a_window_003.npy,1.9532288509999511,-1.7210749203693927,1.2620040035359974,0.21511756400024204,0.6267453354547905,-47.027327841250894,False
2,H1_O4a_window_002.npy,1.835332668173444,2.380130883125493,2.1741188604958386,-0.9381292173481943,0.5454917743165945,-47.3264523811273,False
18,H1_O4a_window_018.npy,-0.2554176443329678,-2.435747400697105,1.509567609851545,0.6951355468653636,-0.5841248672321552,-47.845224485364504,False
28,H1_O4a_window_028.npy,2.090484236898558,1.2343523624266612,1.143592672812516,0.13311207772984773,1.4161140391357756,-48.07458021421167,False
13,H1_O4a_window_013.npy,-1.3463226429676114,0.7585087128709398,0.5073276883225392,0.28386756837144095,1.5993905239680242,-48.23601620612334,False
25,H1_O4a_window_025.npy,0.5582113516485189,0.9051842823573601,-1.0755580014147135,0.40613121799518426,-0.3727275551114907,-49.304449712449134,False
1,H1_O4a_window_001.npy,-1.8355343227601348,3.1106265156207518,-0.7702810008006362,-0.40965295869028057,-0.4215016529092327,-49.99339542786571,False
16,H1_O4a_window_016.npy,-1.833953736037486,1.0274085335288587,-0.954791155617007,0.006317432533897548,-1.570994151803597,-50.12365215788242,False
15,H1_O4a_window_015.npy,-0.7314574875388283,2.373358767787549,1.0982873706005722,-1.0502940394969802,0.0914903691128964,-50.3643344265668,False
26,H1_O4a_window_026.npy,-1.0068418660914698,-1.2696442223347701,-0.7150860035735281,1.16176026481922,0.09503636687687338,-50.432617422113985,False
22,H1_O4a_window_022.npy,-2.1317106738060656,0.05879807484642139,0.8891828549809009,0.26395670666328813,-0.05136044494544596,-50.57660526020727,False
19,H1_O4a_window_019.npy,-1.810146954718051,0.08857386878044748,0.11503009206299002,0.2091814801131073,0.9977333797456822,-50.59990282074289,False
12,H1_O4a_window_012.npy,-2.4784970095215555,-0.5247150675421381,0.20140360617341116,-0.12254539275522472,-0.6687219302154522,-50.6710779506329,False
23,H1_O4a_window_023.npy,-0.5415638222138753,0.46530698161092066,0.5575301278377498,-0.376743433039073,-0.8181144573690451,-51.64816788166124,False
20,H1_O4a_window_020.npy,-0.5326772440249803,0.5620758704960621,1.1076491692956298,-0.3367687234293432,1.0576737310634825,-51.91557199607228,False
27,H1_O4a_window_027.npy,-0.4088398478790892,-0.1021492582963854,1.4056927159981745,0.1308148746672799,0.6989597789697729,-52.59489678521853,False
21,H1_O4a_window_021.npy,-1.3747002273051654,-0.507274609626849,0.3240095145026214,-0.01477127889671745,0.06467485757254658,-52.82368235638472,False
