rank,window,anomaly_score,anomaly_flag,std,rms,peak_abs,peak_to_rms,spectral_centroid,spectral_bandwidth,power_10_30Hz,power_30_100Hz,power_100_300Hz,power_300_1000Hz,power_1000_2000Hz
1,10,245.33601880985896,True,8.122970949390242e-19,8.135907638977956e-19,3.1198644602284144e-18,3.8346851988358313,20.90205386299426,102.39318837272832,2.5052915698934773e-40,6.872564265075075e-45,3.966160955791186e-45,1.550588812558763e-42,1.3715940980941434e-42
2,0,63.390265405595926,True,1.4037987750777393e-18,1.4051711474356077e-18,5.437220281449396e-18,3.869436325512482,509.6426410994365,46.79393399254592,3.220437969732432e-40,6.443701528769786e-44,4.5230125303907546e-45,1.8956066560964887e-37,4.9162569873052806e-40
3,7,39.98906916244745,True,1.147948470536296e-18,1.1479560168982982e-18,3.68465304016566e-18,3.2097510583387603,171.26153083502075,423.0375447592642,5.2123172918269925e-39,5.76225314892149e-45,8.134156392151537e-45,4.0461786326979317e-41,7.405548937456162e-40
4,8,-9.997267290611845,False,1.4640546801432098e-18,1.4651181639124052e-18,5.982023780267052e-18,4.08296335927803,62.80464065497558,243.94443359686812,8.664373467020501e-40,7.033822653097579e-45,6.464241804794306e-45,6.028871808391046e-42,3.696433666685285e-41
5,9,-13.019703679729323,False,9.844365793268758e-19,9.860255752894445e-19,3.1221831695547185e-18,3.1664322384723262,39.15006061575472,169.90518417872605,1.4753706958686099e-40,1.5625066404296466e-44,5.900699104776458e-45,2.8913328572241624e-42,1.736866885854553e-42
6,24,-17.525188489555646,False,1.8958238913837513e-18,1.89582696240232e-18,5.597099484370456e-18,2.9523261328017107,26.98949325713461,130.7986055445862,3.094539736507886e-40,2.8385708772920145e-44,3.817157118290385e-45,2.5610727185048337e-42,3.0632652695544534e-42
7,4,-19.157494592744413,False,8.540885046221868e-19,8.5408925217708e-19,3.1845589529799007e-18,3.7286020692362487,907.419818749454,430.6555802021262,2.890023003725667e-40,5.320509597220815e-45,4.030156461300482e-45,3.3397743976987395e-39,3.994486126700767e-39
8,11,-28.6812855289452,False,8.884817940493404e-19,8.9056913899103e-19,2.457824026057904e-18,2.759835164333782,11.25116655615828,34.2290395948942,8.948671540844855e-40,3.832494140783731e-45,3.833838679763933e-45,3.0845603701642383e-43,5.2148010854081954e-43
9,29,-30.915791516851638,False,1.441037752669558e-18,1.4411485961356358e-18,4.341538102085077e-18,3.012554093121752,613.8266902944933,603.9565231592184,3.374346704115894e-40,5.209888545175394e-45,2.7370790626949306e-45,1.6522688885151075e-40,2.082224338876448e-40
10,14,-45.17280561860422,False,9.385567644151632e-19,9.3856594374544e-19,2.8754475465874407e-18,3.0636606471279824,17.20104769035607,83.74678373663149,1.0385417608539947e-39,4.693382114366824e-45,3.666520822952922e-45,1.3973560353542969e-42,5.80102985983673e-42
11,17,-46.21763730691974,False,8.717242103402684e-19,8.717394640670764e-19,2.7602073451262418e-18,3.1663214284788377,13.108902731546673,56.28414549763615,5.039106422638796e-40,7.713934281670023e-45,4.231062260774805e-45,6.296610012786679e-43,8.253155045343385e-43
12,6,-46.856929295209405,False,8.528180104696168e-19,8.528181248727426e-19,2.5273615257618e-18,2.9635410552970267,1334.2257095635578,330.31981064993346,1.442322950865121e-40,8.89308792869277e-45,4.445491436132385e-45,3.688859263468501e-40,4.5157335524984455e-39
13,3,-47.027327841250894,False,1.481522081150145e-18,1.4815250927372746e-18,5.073788913797537e-18,3.424706701675349,49.175621166187774,202.9708767632084,3.425675210139765e-40,1.0221779245889972e-44,4.676067958155417e-45,5.840789728019623e-42,8.818347860270135e-42
14,2,-47.3264523811273,False,1.5061761182897514e-18,1.5062127993479281e-18,4.4667465773137466e-18,2.965548147809856,1132.2029123760783,552.7190016631778,9.929323360287074e-41,1.210488916965405e-44,3.5646271326099255e-45,3.436932772162095e-41,4.806447056381439e-40
15,18,-47.8452244853645,False,1.358791724562116e-18,1.3587918365172873e-18,4.1427898186947395e-18,3.0488774714110023,11.778212661531448,42.53435423091833,5.640509000560138e-40,6.602101309286009e-45,3.8401701456398746e-45,1.1961890482127896e-43,5.7994464479891444e-43
16,28,-48.07458021421167,False,1.4244918076242251e-18,1.4245046709670968e-18,4.918590834929796e-18,3.452842897026489,695.0490649577648,546.7308109880794,2.7667917989795395e-40,7.478447802203694e-45,4.1125972066369395e-45,4.4699370302702215e-41,4.288701869226303e-40
17,13,-48.23601620612334,False,9.591623901566657e-19,9.591625458282082e-19,3.0172382737380413e-18,3.145700681142367,304.112601680422,525.5441128391363,1.542333366541555e-40,4.8044881866094355e-45,3.668643380020264e-45,1.6658435860309813e-42,4.908843386762976e-41
18,25,-49.304449712449134,False,1.0748257177849313e-18,1.0748264445813266e-18,3.505429809958607e-18,3.2613914810442397,480.36112092341705,159.31709525606163,3.391297415682701e-40,4.887168292815284e-45,3.932830443090728e-45,4.166668079770685e-39,4.995667721467879e-41
19,1,-49.99339542786571,False,7.1562687330078335e-19,7.156353710119626e-19,1.9322896178066613e-18,2.7001035668126034,870.8373439266612,597.0763143153908,2.214939654680507e-40,1.400163619457277e-44,3.989363901383612e-45,3.4036956741077967e-41,5.0633131142283405e-40
20,16,-50.12365215788242,False,8.521832926050758e-19,8.521872523874621e-19,2.3280874721617672e-18,2.731896617368387,418.4630841094865,197.89217034196264,3.3127993924475758e-40,5.933641249339011e-45,4.014326636139104e-45,1.4530478953629392e-39,5.6090908461648625e-42
21,15,-50.3643344265668,False,1.142977159292411e-18,1.1429907749761485e-18,3.043479681252097e-18,2.662733372730508,860.1004808342559,534.6489513072376,6.444079364380091e-41,8.425500511997931e-45,4.6563029784655293e-45,6.231574621839755e-41,1.257369286684107e-40
22,26,-50.43261742211399,False,9.433570695176382e-19,9.433578170997081e-19,3.018702827749657e-18,3.199955279991702,26.032559834275816,124.7061716383822,4.464357856527366e-40,5.4403017819671184e-45,4.867040101505714e-45,4.912151487509753e-42,3.746748986269371e-42
23,22,-50.57660526020727,False,1.0357796378186581e-18,1.0357836904081749e-18,2.816524756790377e-18,2.7192209945693,89.01685113658623,291.95576957209795,2.3481913538289203e-40,4.073441671235447e-45,3.5014768310405137e-45,6.108932312443679e-42,1.200304438064655e-41
24,19,-50.59990282074289,False,9.31214426017633e-19,9.31214855002796e-19,2.8708369472714538e-18,3.082894277135253,120.21259211393512,344.6141400289223,2.396878875916032e-40,3.566704699731149e-45,3.341873709932799e-45,6.914439770563568e-42,2.0087659166326396e-41
25,12,-50.6710779506329,False,9.12907579032551e-19,9.129080790312349e-19,2.4839983008577937e-18,2.7209730726600405,37.952996773643626,159.84968781406917,2.5319809369695464e-40,6.157422004575922e-45,3.78046468911737e-45,3.5247365675325535e-42,4.4706600102680665e-42
26,23,-51.64816788166124,False,1.1740356435779952e-18,1.1740360782256628e-18,3.2828506850588693e-18,2.796209372049526,331.9011922888415,258.73406813962424,2.4481695639573723e-40,7.265944520245992e-45,3.897829284344332e-45,4.053494110312707e-40,8.520927088665149e-42
27,20,-51.91557199607228,False,1.163088332494584e-18,1.1630938408118102e-18,3.808411184644604e-18,3.2743799777896068,285.46903987457654,378.539402272364,1.3499073765193735e-40,4.218960007748165e-45,3.3090533643394707e-45,6.585483235790839e-41,2.3282965016362437e-41
28,27,-52.59489678521853,False,1.2346430521029456e-18,1.234657187148783e-18,3.703710873976811e-18,2.9997888584197687,129.06744751914718,337.14322442197965,2.550127421590024e-40,5.00624720239703e-45,2.872010534831397e-45,1.8622009016712354e-41,1.5080205757137082e-41
29,21,-52.82368235638472,False,1.0491507448774211e-18,1.0491517290427258e-18,3.0700214018531653e-18,2.9261939115844906,89.0234989424847,269.6418851210511,1.6236474642955004e-40,6.023479198337761e-45,5.511935647220481e-45,3.59981307409002e-42,1.0511110755421298e-41
