candidate,channel,correlation,lag_seconds
1376516111.75,H1:IMC-WFS_A_DC_YAW_OUT_DQ,0.8574161597501887,-1.5099999999999996
1376516111.75,H1:OAF-IMC_WFS_A_DC_PIT_PREFILT_OUT_DQ,-0.4854147143376957,-0.0799999999999983
1376516111.75,H1:OAF-IMC_WFS_A_DC_YAW_PREFILT_OUT_DQ,-0.16700222985683338,-0.3199999999999985
1376516111.75,H1:OAF-REFL_A_RIN_PREFILT_OUT_DQ,-0.41412621734372934,2.0000000000000036
1376516111.75,H1:LSC-REFL_A_RIN_OUT_DQ,-0.4141597495973511,2.0000000000000036
1376516111.75,H1:LSC-POP_A_LF_OUT_DQ,-0.9988875918598291,0.6100000000000021
1376516111.75,H1:PEM-EY_MAINSMON_EBAY_1_DQ,0.007179405585798463,1.9700000000000033
1376516111.75,H1:SUS-ETMX_L1_CAL_LINE_OUT_DQ,-0.058872818467395664,0.15000000000000213
1376516111.75,H1:SUS-ETMX_L2_CAL_LINE_OUT_DQ,0.10689738628292231,0.15000000000000213
1376516111.75,H1:SUS-ETMX_L3_CAL_LINE_OUT_DQ,0.026270720889861713,-0.12999999999999834
1376516129.75,H1:IMC-WFS_A_DC_YAW_OUT_DQ,-0.7875915133062714,0.04000000000000181
1376516129.75,H1:OAF-IMC_WFS_A_DC_PIT_PREFILT_OUT_DQ,-0.46226395332558445,-0.0799999999999983
1376516129.75,H1:OAF-IMC_WFS_A_DC_YAW_PREFILT_OUT_DQ,-0.27870864112658383,0.490000000000002
1376516129.75,H1:OAF-REFL_A_RIN_PREFILT_OUT_DQ,0.7834652716352579,-2.0
1376516129.75,H1:LSC-REFL_A_RIN_OUT_DQ,0.7834480188033208,-2.0
1376516129.75,H1:LSC-POP_A_LF_OUT_DQ,-0.9983650197578873,0.6100000000000021
1376516129.75,H1:PEM-EY_MAINSMON_EBAY_1_DQ,0.006107425463079537,1.9700000000000033
1376516129.75,H1:SUS-ETMX_L1_CAL_LINE_OUT_DQ,0.027262824788651847,0.15000000000000213
1376516129.75,H1:SUS-ETMX_L2_CAL_LINE_OUT_DQ,0.09979444846773274,-0.14999999999999836
1376516129.75,H1:SUS-ETMX_L3_CAL_LINE_OUT_DQ,-0.12535485008432629,-0.14999999999999836
1376516135.25,H1:IMC-WFS_A_DC_YAW_OUT_DQ,0.8796584244511747,-0.9699999999999991
1376516135.25,H1:OAF-IMC_WFS_A_DC_PIT_PREFILT_OUT_DQ,-0.5715628803369923,-0.0799999999999983
1376516135.25,H1:OAF-IMC_WFS_A_DC_YAW_PREFILT_OUT_DQ,-0.49668732205155997,-1.0999999999999992
1376516135.25,H1:OAF-REFL_A_RIN_PREFILT_OUT_DQ,-0.5889354426091776,-0.45999999999999863
1376516135.25,H1:LSC-REFL_A_RIN_OUT_DQ,-0.5889330124478594,-0.45999999999999863
1376516135.25,H1:LSC-POP_A_LF_OUT_DQ,0.998218873020815,-0.6099999999999988
1376516135.25,H1:PEM-EY_MAINSMON_EBAY_1_DQ,-0.019574215134949478,-1.97
1376516135.25,H1:SUS-ETMX_L1_CAL_LINE_OUT_DQ,0.04467127470813391,-0.14999999999999836
1376516135.25,H1:SUS-ETMX_L2_CAL_LINE_OUT_DQ,0.08115332654158668,0.15000000000000213
1376516135.25,H1:SUS-ETMX_L3_CAL_LINE_OUT_DQ,-0.06562481822651857,-0.14999999999999836
1376516139.5,H1:IMC-WFS_A_DC_YAW_OUT_DQ,-0.6780529899292164,0.2300000000000022
1376516139.5,H1:OAF-IMC_WFS_A_DC_PIT_PREFILT_OUT_DQ,-0.3063745246139049,-0.0799999999999983
1376516139.5,H1:OAF-IMC_WFS_A_DC_YAW_PREFILT_OUT_DQ,-0.34482895132717434,1.3500000000000032
1376516139.5,H1:OAF-REFL_A_RIN_PREFILT_OUT_DQ,0.48827850593979766,1.8300000000000036
1376516139.5,H1:LSC-REFL_A_RIN_OUT_DQ,0.4882931602977743,1.8300000000000036
1376516139.5,H1:LSC-POP_A_LF_OUT_DQ,-0.9997710195943164,-0.6099999999999988
1376516139.5,H1:PEM-EY_MAINSMON_EBAY_1_DQ,-0.008077413712949857,1.9300000000000033
1376516139.5,H1:SUS-ETMX_L1_CAL_LINE_OUT_DQ,-0.042699328736236955,0.15000000000000213
1376516139.5,H1:SUS-ETMX_L2_CAL_LINE_OUT_DQ,0.07618302676473551,0.15000000000000213
1376516139.5,H1:SUS-ETMX_L3_CAL_LINE_OUT_DQ,-0.08801968811368958,-0.14999999999999836
1376516151.75,H1:IMC-WFS_A_DC_YAW_OUT_DQ,-0.9040476343618865,0.7500000000000027
1376516151.75,H1:OAF-IMC_WFS_A_DC_PIT_PREFILT_OUT_DQ,-0.34098199009635893,-0.0799999999999983
1376516151.75,H1:OAF-IMC_WFS_A_DC_YAW_PREFILT_OUT_DQ,-0.2941705182082566,-1.4799999999999995
1376516151.75,H1:OAF-REFL_A_RIN_PREFILT_OUT_DQ,0.7500481277108262,1.2200000000000029
1376516151.75,H1:LSC-REFL_A_RIN_OUT_DQ,0.750051719351266,1.2200000000000029
1376516151.75,H1:LSC-POP_A_LF_OUT_DQ,-0.9994525424883369,0.6100000000000021
1376516151.75,H1:PEM-EY_MAINSMON_EBAY_1_DQ,-0.005875732338403373,1.9900000000000038
1376516151.75,H1:SUS-ETMX_L1_CAL_LINE_OUT_DQ,0.04381787696057319,0.15000000000000213
1376516151.75,H1:SUS-ETMX_L2_CAL_LINE_OUT_DQ,-0.09469227608860985,0.15000000000000213
1376516151.75,H1:SUS-ETMX_L3_CAL_LINE_OUT_DQ,0.02412388390450629,-0.13999999999999835
1376516157.5,H1:IMC-WFS_A_DC_YAW_OUT_DQ,0.8044362065685168,-0.849999999999999
1376516157.5,H1:OAF-IMC_WFS_A_DC_PIT_PREFILT_OUT_DQ,-0.47631937711702066,-0.0799999999999983
1376516157.5,H1:OAF-IMC_WFS_A_DC_YAW_PREFILT_OUT_DQ,-0.24686283105713205,1.8900000000000032
1376516157.5,H1:OAF-REFL_A_RIN_PREFILT_OUT_DQ,0.40295785593544625,1.5900000000000034
1376516157.5,H1:LSC-REFL_A_RIN_OUT_DQ,0.40296780365783696,1.5900000000000034
1376516157.5,H1:LSC-POP_A_LF_OUT_DQ,-0.9998476692882212,0.6100000000000021
1376516157.5,H1:PEM-EY_MAINSMON_EBAY_1_DQ,0.01173710401615619,-1.99
1376516157.5,H1:SUS-ETMX_L1_CAL_LINE_OUT_DQ,0.036627638968313427,0.15000000000000213
1376516157.5,H1:SUS-ETMX_L2_CAL_LINE_OUT_DQ,0.09912563600336692,-0.14999999999999836
1376516157.5,H1:SUS-ETMX_L3_CAL_LINE_OUT_DQ,0.13053960822069624,-0.14999999999999836
